Author,Title,URL,Publish Date,Views,Rating,Keywords,Streams,FPS,Itag,Process
Milk,THIS DRAVEN BUILD IS INCREDIBLY BROKEN!! FT. K3soju Becca Rayditz Kiyoon | Milk TFT,https://www.youtube.com/watch?v=8LISSV2Cvpo,2022-03-22,5929,,"['tft draven carry', 'draven items tft', 'vip draven tft', 'clockwork tft', 'bis items tft', 'deliciousmilkgg tft', 'teamfight tactics', 'tft', 'milk tft', 'k3soju tft', 'soju tft', 'rayditz tft', 'becca tft', 'becca milk', 'tft set 6.5', 'tft draven set 6.5', 'tft draven item']","<Stream: itag=""135"" mime_type=""video/mp4"" res=""480p"" fps=""30fps"" vcodec=""avc1.4d401f"" progressive=""False"" type=""video"">",30,135,TRUE
Milk,WARWICK REROLL IS INSANE!! ATK SPEED SHREDDER BUILD Ft. K3soju Rayditz | Milk TFT,https://www.youtube.com/watch?v=kwWNphCDqzw,2022-03-19,6669,,"['tft best comps', 'tft reroll warwick', 'tft reroll comps', 'tft meta comps', 'tft rank 1', 'deliciousmilkgg tft', 'teamfight tactics', 'tft', 'tft new champions', 'tft new augments', 'tft fun comps', 'tft warwick carry', 'tft warwick reroll', 'tft warwick items', 'set 6.5', 'tft beginners guide', 'tft guide', 'tft milk', 'tft milk guy', 'tft rayditz', 'tft k3soju']","<Stream: itag=""135"" mime_type=""video/mp4"" res=""480p"" fps=""30fps"" vcodec=""avc1.4d401f"" progressive=""False"" type=""video"">",30,135,TRUE
Milk,THIS JEWELED LOTUS AHRI 3 BUILD DEALS INFINITE AP DMG!! Ft. Hafu Teamfight Tactics | Milk,https://www.youtube.com/watch?v=C3Zac9kS00A,2022-03-14,8573,,"['3 star ahri', 'tft ahri 3 star', 'ahri 3 tft', 'ahri carry tft', 'ahri comp tft 6.5', 'tft ahri items 6.5', 'tft op comp', 'tft best comps', 'tft jeweled lotus', 'jeweled lotus tft', 'ahri build tft', 'deliciousmilkgg tft', 'tft hafu', 'hafu', 'milk tft', 'tft', 'teamfight tactics', '3 star ahri tft', 'tft 3 star ahri', 'set 6 tft', 'set 6.5 tft', 'ap comp tft', 'rank 1 tft na']","<Stream: itag=""135"" mime_type=""video/mp4"" res=""480p"" fps=""30fps"" vcodec=""avc1.4d401f"" progressive=""False"" type=""video"">",30,135,TRUE
Milk,8 HEXTECH ALISTAR 3 SHAKES THE ENTIRE LOBBY WITH HIS ULT!! - Teamfight Tactics Set 6.5 | Milk,https://www.youtube.com/watch?v=8cQs2bwgFgo,2022-03-12,6059,,"['3 star alistar', 'tft alistar', 'tft hextech comp', 'tft 8 hextech', 'tft alistar build', 'tft sivir 6.5', 'tft sivir 3', 'alistar 3', 'deliciousmilkgg tft', 'tft milk', 'tft frodan', 'teamfight tactics', 'tft', 'tft set 6.5', 'tft rank 1', 'tft gameplay', 'tft best comps', 'tft 6.5', 'tft 3 star alistar', '3 star alistar tft', 'tft set 6']","<Stream: itag=""135"" mime_type=""video/mp4"" res=""480p"" fps=""30fps"" vcodec=""avc1.4d401f"" progressive=""False"" type=""video"">",30,135,TRUE
Milk,I Hit Silco 3 and It Killed My Entire Team!! FT. K3soju | Milk TFT,https://www.youtube.com/watch?v=1eca96ofqx8,2022-03-10,15732,,"['3 star silco', 'silco tft', 'silco 3', 'deliciousmilkgg tft', 'silco 3 star', 'tft mastermind', 'tft 3 star silco', 'tft silco 3 star', 'k3soju', 'k3soju set 6.5', 'tft milk', 'milk tft mortdog', 'teamfight tactics', 'tft', '3 star silco tft', 'tft set 6.5', 'patch 12.5', 'tft legendary 3 star']","<Stream: itag=""135"" mime_type=""video/mp4"" res=""480p"" fps=""30fps"" vcodec=""avc1.4d401f"" progressive=""False"" type=""video"">",30,135,TRUE
Milk,THIS SENNA REROLL COMP IS ALL YOU NEED TO CLIMB!! FT. K3soju - Teamfight Tactics Set 6.5 | Milk,https://www.youtube.com/watch?v=1-9520bG4kE,2022-03-08,9244,,"['tft senna', 'tft reroll senna', 'tft reroll comps', 'tft meta comps', 'tft rank 1', 'deliciousmilkgg tft', 'teamfight tactics', 'tft', 'tft new champions', 'tft new augments', 'tft fun comps', 'tft senna carry', 'tft 3 star senna', 'tft senna items', 'set 6.5', 'tft milk', 'tft milk guy', 'tft k3soju', 'tft pgod', 'tft hafu', 'tft tri force', 'TEAMFIGHT TACTICS BUILDS', 'best tft comps right now', 'tft comps to climb', 'how to climb in tft', 'tft climb']","<Stream: itag=""135"" mime_type=""video/mp4"" res=""480p"" fps=""30fps"" vcodec=""avc1.4d401f"" progressive=""False"" type=""video"">",30,135,TRUE
Milk,TALON REROLL WITH IRRESISTIBLE CHARM IS INSANE!! FT. Rayditz Hafu Pgod SET 6.5 | Milk TFT,https://www.youtube.com/watch?v=BvI6zYMOLW4,2022-03-06,15171,,"['tft talon carry', 'tft talon reroll', 'tft talon items', 'tft talon vip', 'tft augments', 'deliciousmilkgg tft', 'tft milk', 'tft prismatic', 'tft 6.5', 'tft 6.5 set', 'tft debonair', 'tft talon', 'tft new set', 'tft new champions', 'tft new augments', 'tft milk guy', 'rank 1 player tft', 'teamfight tactics', 'tft', 'tft guide', 'tft set 6', 'tft 3 star', 'tft best comps', 'tft reroll comp', 'tft rayditz', 'tft hafu', 'tft pgod', 'talon reroll']","<Stream: itag=""135"" mime_type=""video/mp4"" res=""480p"" fps=""30fps"" vcodec=""avc1.4d401f"" progressive=""False"" type=""video"">",30,135,TRUE
Milk,7 MUTANT KHA'ZIX CARRY! Slices Through Entire Enemy Team FT. K3soju Teamfight Tactics Set 6.5 | Milk,https://www.youtube.com/watch?v=ag1vrHcWEg0,2022-03-04,9111,,"['7 mutants tft', ""kha'zix carry tft"", ""tft kha'zix 6.5"", ""tft kha'zix best items"", '7 mutant comp', 'deliciousmilkgg tft', 'tft meta comps', 'tft rank 1', 'teamfight tactics', 'tft', 'tft new champions', 'tft new augments', 'tft fun comps', 'tft khazix carry', 'tft khazix items', 'set 6.5', 'tft beginners guide', 'tft guide', 'tft milk', 'tft milk guy', 'tft rayditz', 'tft k3soju', 'tft pgod', 'tft ramblinnn']","<Stream: itag=""135"" mime_type=""video/mp4"" res=""480p"" fps=""30fps"" vcodec=""avc1.4d401f"" progressive=""False"" type=""video"">",30,135,TRUE
Milk,CHEMTECH UNITY/OVERLOAD COMP!! Most Broken Augment Combo - Teamfight Tactics Set 6.5 | Milk TFT,https://www.youtube.com/watch?v=GGx_c5N0XIA,2022-03-01,10459,,"['tft new augments', 'tft milk', 'tft milk guy', 'rank 1 player tft', 'teamfight tactics', 'tft', 'tft guide', 'tft set 6', 'tft renata', 'tft 3 star', 'tft augments', 'tft chemtech', 'tft chemtech overload', 'tft chemtech unity', 'tft combo', 'deliciousmilkgg tft', 'milk guy', 'tft milk soju', 'tft set 6.5', 'tft broken comps', 'tft broken']","<Stream: itag=""135"" mime_type=""video/mp4"" res=""480p"" fps=""30fps"" vcodec=""avc1.4d401f"" progressive=""False"" type=""video"">",30,135,TRUE
Milk,SENNA REROLL IS TOO BROKEN!! Deletes the Entire Enemy Team in One ULT - Teamfight Tactics | Milk TFT,https://www.youtube.com/watch?v=cKs5HjzUUYo,2022-02-27,27643,,"['tft senna', 'tft reroll senna', 'tft reroll comps', 'tft meta comps', 'tft rank 1', 'deliciousmilkgg tft', 'teamfight tactics', 'tft', 'tft new champions', 'tft new augments', 'tft fun comps', 'tft senna carry', 'tft 3 star senna', 'tft senna items', 'set 6.5', 'tft beginners guide', 'tft guide', 'tft milk', 'tft milk guy', 'tft rayditz', 'tft k3soju', 'tft becca', 'tft pgod', '3 star senna', 'tft march of progress']","<Stream: itag=""135"" mime_type=""video/mp4"" res=""480p"" fps=""30fps"" vcodec=""avc1.4d401f"" progressive=""False"" type=""video"">",30,135,TRUE
Milk,THIS 7 DEBONAIR DOUBLE VIP DRAVEN STRAT IS TOO BROKEN! FT. Hafu Rayditz Teamfight Tactics | Milk TFT,https://www.youtube.com/watch?v=VFcZqhBsdAw,2022-02-25,12607,,"['tft draven', 'tft vip draven', 'tft vip bonus', 'tft debonair comp', 'tft debonair vip', 'tft draven items', 'tft draven build', 'tft draven comp', 'tft draven 6.5', 'tft hafu', 'tft rayditz', 'tft milk', 'deliciousmilkgg tft', 'teamfight tactics', 'tft', 'tft rank 1']","<Stream: itag=""135"" mime_type=""video/mp4"" res=""480p"" fps=""30fps"" vcodec=""avc1.4d401f"" progressive=""False"" type=""video"">",30,135,TRUE
Milk,THIS TWITCH REROLL COMP IS INSANE!! NON-STOP ULT TWITCH FT. Rayditz - Teamfight Tactics | Milk TFT,https://www.youtube.com/watch?v=8YZpmU74N3A,2022-02-23,30106,,"['tft best comps', 'tft reroll twitch', 'tft reroll comps', 'tft meta comps', 'tft rank 1', 'deliciousmilkgg tft', 'teamfight tactics', 'tft', 'tft new champions', 'tft new augments', 'tft fun comps', 'tft twitch carry', 'tft twitch reroll', 'tft twitch items', 'set 6.5', 'tft beginners guide', 'tft guide', 'tft milk', 'tft milk guy', 'tft rayditz']","<Stream: itag=""135"" mime_type=""video/mp4"" res=""480p"" fps=""30fps"" vcodec=""avc1.4d401f"" progressive=""False"" type=""video"">",30,135,TRUE
Milk,THIS IRELIA ONLY NEEDS TO ULT ONCE!! INFINITE DMG 3 STAR IRELIA - Teamfight Tactics Set 6.5 | Milk,https://www.youtube.com/watch?v=gdZ_LVkBJxQ,2022-02-21,18279,,"['tft 3 star irelia', 'tft innovator dragon', 'tft set 6.5 irelia', 'tft irelia carry', 'tft irelia items', 'tft irelia set 6.5', 'tft irelia', 'deliciousmilkgg tft', 'teamfight tactics', 'tft', 'milk tft', '3 star irelia', 'irelia 3 tft', 'set 6.5', 'tft comps', 'tft rank 1', 'new tft set', 'tft 6.5', 'tft 6.5 set', 'tft new set', 'tft new champions', 'tft new augments', 'tft milk', 'tft milk guy', 'rank 1 player tft', 'tft guide', 'tft renata', 'tft 3 star', 'TFT TFT 6', 'tft irelia 6.5', 'tft irelia comp']","<Stream: itag=""135"" mime_type=""video/mp4"" res=""480p"" fps=""30fps"" vcodec=""avc1.4d401f"" progressive=""False"" type=""video"">",30,135,TRUE
Milk,RENATA BRUISERS IS FREE LP!! BIS Renata Glasc SMOKES the Board - Set 6.5 Teamfight Tactics | Milk,https://www.youtube.com/watch?v=Eb6cVV7wbh4,2022-02-20,24208,,"['tft renata', 'tft renata items', 'tft bruiser comp', 'tft set 6.5 comps', 'deliciousmilkgg tft', 'teamfight tactics', 'tft', 'tft renata glasc', 'tft set 6.5', 'tft renata carry', 'tft best comps', 'tft gameplay', 'tft silco', 'renata bruisers', 'milk tft', 'k3soju tft', 'becca tft', 'renata bruiser comp', 'renata tft build']","<Stream: itag=""135"" mime_type=""video/mp4"" res=""480p"" fps=""30fps"" vcodec=""avc1.4d401f"" progressive=""False"" type=""video"">",30,135,TRUE
Milk,THE PERFECT TRI FORCE COMP!! Gnar 3 Senna 3 Morgana 3 Ft. Becca - TFT Set 6.5 Live | Milk,https://www.youtube.com/watch?v=LGGf6b690iQ,2022-02-19,16698,,"['tft gnar carry', 'tft senna carry', 'tft morgana', 'tft 6.5', 'tft 6.5 set', 'tft tri force', 'tft new set', 'tft new champions', 'tft new augments', 'deliciousmilkgg tft', 'tft milk', 'tft milk guy', 'rank 1 player tft', 'teamfight tactics', 'tft', 'tft reroll comps', 'tft set 6', 'tft set 6.5', 'tft pbe 6.5']","<Stream: itag=""135"" mime_type=""video/mp4"" res=""480p"" fps=""30fps"" vcodec=""avc1.4d401f"" progressive=""False"" type=""video"">",30,135,TRUE
Milk,THE PERFECT AHRI GAME!! THIS AUGMENT IS BROKEN WITH AHRI - Set 6.5 Teamfight Tactics | Milk TFT,https://www.youtube.com/watch?v=qFts3iFxEHg,2022-02-18,27951,,"['tft ahri 3 star', 'tft ahri set 6.5', 'tft ahri carry', 'tft ahri 6.5', 'tft ahri items', 'tft ahri build', 'tft ap comps', 'tft set 6.5 comps', 'tft set 6.5 champions', 'tft set 6.5 gameplay', 'tft set 6.5 guide', 'tft set 6.5 live', 'tft rank 1', 'tft pro gameplay', 'tft milk', 'tft milk guy', 'deliciousmilkgg tft', 'teamfight tactics', 'tft', 'tft set 6.5', 'tft blue battery', 'tft set 6.5 augments']","<Stream: itag=""135"" mime_type=""video/mp4"" res=""480p"" fps=""30fps"" vcodec=""avc1.4d401f"" progressive=""False"" type=""video"">",30,135,TRUE
Milk,NEW IRELIA IS A ONESHOT BEAST!! New TFT Set 6.5 Striker Comp - Teamfight Tactics | Milk,https://www.youtube.com/watch?v=OLjxu8kUieI,2022-02-17,25326,,"['tft irelia', 'new tft set', 'tft 6.5', 'tft striker', 'milk tft', 'teamfight tactics', 'tft', 'tft pbe', 'tft 6.5 set', 'tft sivir', 'tft vi', 'tft new set', 'tft new champions', 'tft new augments', 'tft milk', 'tft milk guy', 'rank 1 player tft', 'tft guide', 'tft renata', 'tft 3 star', 'TFT TFT 6', 'milk tftmilk tft', 'tft irelia carry', 'tft irelia 6.5', 'tft irelia items', 'tft irelia comp']","<Stream: itag=""135"" mime_type=""video/mp4"" res=""480p"" fps=""30fps"" vcodec=""avc1.4d401f"" progressive=""False"" type=""video"">",30,135,TRUE
Milk,EKKO IS AN INNOVATOR NOW!! NEW SET 6.5 INNOVATORS ARE SICK FT. K3SOJU & BELLUM - TFT PBE | Milk,https://www.youtube.com/watch?v=Y5cSiz4kfhU,2022-02-15,23227,,"['tft pbe 6.5', 'tft set 6.5', 'tft 6.5 set', 'tft ekko', 'tft innovator ekko', 'tft new set', 'tft new champions', 'tft new augments', 'deliciousmilkgg tft', 'tft milk', 'tft milk guy', 'rank 1 player tft', 'teamfight tactics', 'tft', 'tft guide', 'tft set 6', 'tft vip', 'tft 3 star', 'tft k3soju', 'k3soju set 6.5']","<Stream: itag=""135"" mime_type=""video/mp4"" res=""480p"" fps=""30fps"" vcodec=""avc1.4d401f"" progressive=""False"" type=""video"">",30,135,TRUE
Milk,THIS ALISTAR GALIO COMP IS BROKEN!! ONE SHOT GALIO FT. K3soju Kiyoon - NEW SET 6.5 PBE | Milk TFT,https://www.youtube.com/watch?v=HatrRdF57D8,2022-02-12,33000,,"['tft pbe', 'tft 6.5', 'tft 6.5 set', 'tft alistar', 'tft galio', 'tft new set', 'tft new champions', 'tft new augments', 'deliciousmilkgg tft', 'tft milk', 'tft milk guy', 'rank 1 player tft', 'teamfight tactics', 'tft', 'tft guide', 'tft set 6', 'tft renata', 'tft 3 star', 'tft silco', 'tft pbe 6.5', 'tft set 6.5']","<Stream: itag=""135"" mime_type=""video/mp4"" res=""480p"" fps=""30fps"" vcodec=""avc1.4d401f"" progressive=""False"" type=""video"">",30,135,TRUE
Milk,NEW SET 6.5 8 HEXTECH ZERI TAKES 0.4 SECONDS TO WIPE EVERYTHING!! Teamfight Tactics PBE | Milk,https://www.youtube.com/watch?v=GjAbnBaC0R4,2022-02-10,28451,,"['tft pbe', 'tft 6.5', 'tft 6.5 set', 'tft zeri', 'tft 8 hextech', 'tft new set', 'tft new champions', 'tft new augments', 'deliciousmilkgg tft', 'tft milk', 'tft milk guy', 'rank 1 player tft', 'teamfight tactics', 'tft', 'tft guide', 'tft set 6', 'tft set 6.5', 'tft pbe 6.5']","<Stream: itag=""135"" mime_type=""video/mp4"" res=""480p"" fps=""30fps"" vcodec=""avc1.4d401f"" progressive=""False"" type=""video"">",30,135,TRUE
Milk,K3SOJU SAID I COULDN'T TOP 4 THIS GAME... THEN 7 DEBONAIR SYNDRA HAPPENED! NEW SET 6.5 PBE | Milk,https://www.youtube.com/watch?v=3QFopZfEqks,2022-02-08,43837,,"['tft pbe', 'tft 6.5', 'tft 6.5 set', 'tft syndra', 'tft debonair', 'tft new set', 'tft new champions', 'tft new augments', 'deliciousmilkgg tft', 'tft milk', 'tft milk guy', 'rank 1 player tft', 'teamfight tactics', 'tft', 'tft guide', 'tft set 6', 'tft vip', 'tft 3 star', 'tft k3soju', 'k3soju set 6.5']","<Stream: itag=""397"" mime_type=""video/mp4"" res=""480p"" fps=""30fps"" vcodec=""av01.0.04M.08"" progressive=""False"" type=""video"">",30,397,TRUE
Milk,THIS TIER 1 AUGMENT BROKE THE GAME!! NEW SET 6.5 TRYNDAMERE REROLL - Teamfight Tactics PBE | Milk,https://www.youtube.com/watch?v=vM6RNOFdPYc,2022-02-06,62619,,"['tft pbe', 'tft 6.5', 'tft 6.5 set', 'tft tryndamere', 'tft vi', 'tft new set', 'tft new champions', 'tft new augments', 'deliciousmilkgg tft', 'tft milk', 'tft milk guy', 'rank 1 player tft', 'teamfight tactics', 'tft', 'tft guide', 'tft set 6', 'tft renata', 'tft 3 star']","<Stream: itag=""397"" mime_type=""video/mp4"" res=""480p"" fps=""30fps"" vcodec=""av01.0.04M.08"" progressive=""False"" type=""video"">",30,397,TRUE
Milk,NEW SET 6.5 REK'SAI SHOULD BE A LEGENDARY UNIT!! 1V9 REKSAI BUILD - Teamfight Tactics PBE | Milk,https://www.youtube.com/watch?v=JovntXUcjjE,2022-02-04,52701,,"['tft pbe', 'tft 6.5', 'tft 6.5 set', ""tft rek'sai"", ""tft kha'zix"", 'tft new set', 'tft new champions', 'tft new augments', 'deliciousmilkgg tft', 'tft milk', 'tft milk guy', 'rank 1 player tft', 'teamfight tactics', 'tft', 'tft guide', 'tft set 6']","<Stream: itag=""135"" mime_type=""video/mp4"" res=""480p"" fps=""30fps"" vcodec=""avc1.4d401f"" progressive=""False"" type=""video"">",30,135,TRUE
Milk,NEW TFT SET 6.5 SILCO LUCIAN COMBO WITH BATTLEMAGE AUGMENT!! INSANE DAMAGE - TFT PBE | Milk,https://www.youtube.com/watch?v=725k-zb-S04,2022-02-03,24448,,"['new tft set', 'tft shaco', 'tft set 6.5', 'tft pbe 6.5', 'tft 6.5 lucian', 'tft new augments', 'tft silco pbe', 'deliciousmilkgg tft', 'teamfight tactics', 'tft', 'tft pbe comps', 'tft milk', 'tft milk guy', 'new tft']","<Stream: itag=""135"" mime_type=""video/mp4"" res=""480p"" fps=""30fps"" vcodec=""avc1.4d401f"" progressive=""False"" type=""video"">",30,135,TRUE
Milk,NEW SET DEBONAIR VIP BRAND REROLL!! THIS UNIT IS TOO BROKEN - TFT Set 6.5 PBE | Milk,https://www.youtube.com/watch?v=UOZ8_oA7HqI,2022-02-02,32723,,"['tft new set', 'tft set 6.5', 'tft set 6.5 pbe', 'tft pbe silco', 'tft debonair', 'tft silco', 'tft zeri', 'tft vip', 'tft vip bonus', 'deliciousmilkgg tft', 'teamfight tactics', 'tft', 'teamfight tactics set 6.5', 'milk tft', 'rank 1 tft', 'tft pbe 6.5']","<Stream: itag=""135"" mime_type=""video/mp4"" res=""480p"" fps=""30fps"" vcodec=""avc1.4d401f"" progressive=""False"" type=""video"">",30,135,TRUE
Milk,BIS BACKLINE JAYCE WITH MAKESHIFT INNOVATOR DRAGON!! INSANE CRIT DAMAGE | TFT Milk,https://www.youtube.com/watch?v=ycrrCbOqaDo,2022-01-31,20892,,"['tft dragon', 'tft dragon innovator', 'tft jayce carry', 'tft backline jayce', 'tft jayce items set 6', 'tft innovator 7', 'tft best comps', 'tft gameplay', 'tft set 6', 'tft rank 1', 'tft milk', 'tft milk guy', 'deliciousmilkgg tft', 'teamfight tactics', 'tft', 'tft guide', 'tft meta comps']","<Stream: itag=""135"" mime_type=""video/mp4"" res=""480p"" fps=""30fps"" vcodec=""avc1.4d401f"" progressive=""False"" type=""video"">",30,135,TRUE
Milk,GOLD COLLECTOR KATARINA!! Jumps on Lowest HP Unit and Farms Them Ft. Pgod K3soju | TFT Milk,https://www.youtube.com/watch?v=5WbAdc8bAEg,2022-01-29,30773,,"['tft gold collector', 'tft katarina carry', 'tft katarina reroll', 'tft assassin comp set 6', 'tft assassin reroll', 'tft portable forge items', 'tft meta comps', 'tft rank 1', 'tft milk', 'tft milk guy', 'tft k3soju', 'tft pgod', 'deliciousmilkgg tft', 'tft katarina items', 'teamfight tactics', 'tft', 'tft set 6']","<Stream: itag=""135"" mime_type=""video/mp4"" res=""480p"" fps=""30fps"" vcodec=""avc1.4d401f"" progressive=""False"" type=""video"">",30,135,TRUE
Milk,THE PERFECT YORDLE REROLL!! Wise Spending Golden Ticket Yordles Ft. Kiyoon Rayditz K3soju | TFT Milk,https://www.youtube.com/watch?v=c1XzNjtu3eM,2022-01-26,76385,,"['tft yordle comp', 'yordle tft', 'veigar tft', 'yordle reroll', 'yordle lord', 'tft golden ticket', 'wise spending tft', 'tft 3 prismatic augments', 'teamfight tactics', 'tft', 'tft k3soju', 'tft kiyoon', 'tft rayditz', 'tft prestivent', 'tft milk', 'tft milk guy', 'tft rank 1', 'rank 1 player tft', 'deliciousmilkgg tft', 'tft set 6', 'tft meta comps']","<Stream: itag=""135"" mime_type=""video/mp4"" res=""480p"" fps=""30fps"" vcodec=""avc1.4d401f"" progressive=""False"" type=""video"">",30,135,TRUE
Milk,THEY BUFFED CHO'GATH!! Immortal Cho with Malz Healing FT. TSM Kiyoon K3soju Rayditz | Milk,https://www.youtube.com/watch?v=OfMbyvRkTGI,2022-01-24,32351,,"[""tft cho'gath"", ""cho'gath comp tft"", ""tft cho'gath items"", ""tft protector cho'gath"", 'tft protector malzahar', 'tft best comps', 'tft meta comps', 'tft rank 1 player', 'deliciousmilkgg tft', 'teamfight tactics', 'tft', 'k3soju tft', 'kiyoon tft', 'rayditz', 'robinsongz', 'tft milk', 'milk guy', 'tft set 6']","<Stream: itag=""135"" mime_type=""video/mp4"" res=""480p"" fps=""30fps"" vcodec=""avc1.4d401f"" progressive=""False"" type=""video"">",30,135,TRUE
Milk,4 TACTICIAN'S CROWNS BROKE TFT!! 13 Units Board FT. K3soju & Robinsongz - Teamfight Tactics | Milk,https://www.youtube.com/watch?v=keIUxkarqHM,2022-01-22,46145,,"['tft tacticians crown', 'tft tahm kench', 'tft tahm kench feed', 'tft mercenary', 'tft fon', 'tft k3soju', 'tft milk', 'tft robinsongz', 'milk guy tft', 'rank 1 tft', 'deliciousmilkgg tft', 'teamfight tactics', 'tft', 'tft set 6', 'tft full gameplay']","<Stream: itag=""135"" mime_type=""video/mp4"" res=""480p"" fps=""30fps"" vcodec=""avc1.4d401f"" progressive=""False"" type=""video"">",30,135,TRUE
Milk,WE WON CHINA'S INTERNATIONAL DUO TOURNAMENT! FT. K3SOJU - Teamfight Tactics Rank 1 & 2 | Milk,https://www.youtube.com/watch?v=6ijmOtTBKxs,2022-01-19,69649,,"['tft duo tournament', 'tft tournament set 6', 'tft tournament soju', 'tft tournament milk', 'tft double up', 'double up tournament tft', 'tft tourney', 'set 6 tournament tft', 'k3soju', 'milk tft', 'milk guy', 'teamfight tactics', 'deliciousmilkgg tft', 'tft', 'tft set 6', 'hextech havoc double up', 'double up hextech havoc']","<Stream: itag=""135"" mime_type=""video/mp4"" res=""480p"" fps=""30fps"" vcodec=""avc1.4d401f"" progressive=""False"" type=""video"">",30,135,TRUE
Milk,DAY 2 | Rank 1 and 2 NA Play in China’s International TFT Double up Tournament FT. K3soju | Milk,https://www.youtube.com/watch?v=hyx5Q7o7PD0,2022-01-17,45535,,"['tft duo tournament', 'tft tournament set 6', 'tft tournament soju', 'tft tournament milk', 'tft double up', 'double up tournament tft', 'tft tourney', 'set 6 tournament tft', 'k3soju', 'milk tft', 'milk guy', 'teamfight tactics', 'deliciousmilkgg tft', 'tft', 'tft set 6', 'hextech havoc double up', 'double up hextech havoc']","<Stream: itag=""397"" mime_type=""video/mp4"" res=""480p"" fps=""30fps"" vcodec=""av01.0.04M.08"" progressive=""False"" type=""video"">",30,397,TRUE
Milk,DAY 1 | Rank 1 and 2 NA Play in China’s International TFT Double up Tournament FT. K3soju | Milk,https://www.youtube.com/watch?v=2Aects5QPy8,2022-01-16,88735,,"['tft duo tournament', 'tft tournament set 6', 'tft tournament soju', 'tft tournament milk', 'tft double up', 'double up tournament tft', 'tft tourney', 'set 6 tournament tft', 'k3soju', 'milk tft', 'milk guy', 'teamfight tactics', 'deliciousmilkgg tft', 'tft', 'tft set 6', 'hextech havoc double up', 'double up hextech havoc']","<Stream: itag=""135"" mime_type=""video/mp4"" res=""480p"" fps=""30fps"" vcodec=""avc1.4d401f"" progressive=""False"" type=""video"">",30,135,TRUE
Milk,8 ACADEMY 4 CHALLENGER BACKLINE JAYCE!! WIPES EVERYTHING IN 8 SECONDS FT. Robinsongz | Milk TFT,https://www.youtube.com/watch?v=6bpoqZj0ulg,2022-01-15,10759,,"['8 academy tft', '8 academy comp', 'tft 8 academy', 'backline jayce tft', 'backline jayce items', 'challenger academy tft', '8 challenger tft', 'milk tft', 'robin tft', 'liquid robin', 'robinsongz', 'milk guy tft', 'rank 1 tft', 'set 6 best comps tft', 'tft pro gameplay', 'deliciousmilkgg tft', 'tft', 'teamfight tactics', '8 academy tft set 6', 'tft set 6', 'tft duo tournament', 'tft hextech havoc']","<Stream: itag=""135"" mime_type=""video/mp4"" res=""480p"" fps=""30fps"" vcodec=""avc1.4d401f"" progressive=""False"" type=""video"">",30,135,TRUE
Milk,3 STAR TAHM KENCH 1V9 EATS ENTIRE BOARD FT. K3soju - Teamfight Tactics Rank 1 & 2 | Milk,https://www.youtube.com/watch?v=g3Obu1RTTIk,2022-01-14,19204,,"['3 star tahm kench tft', 'tahm kench 3 star', 'tft tahm 3', 'tft kench 3', 'tft tahm kench set 6', 'deliciousmilkgg tft', 'teamfight tactics', 'tft', 'rank 1 tft set 6', 'tft duos', 'tft double up best comps', 'k3soju', 'k3soju tft', 'milk tft', 'milk guy tft', 'level 3 tahm kench', 'tahm 3 star', 'legendary tft', 'tft set 6', 'set 6']","<Stream: itag=""135"" mime_type=""video/mp4"" res=""480p"" fps=""30fps"" vcodec=""avc1.4d401f"" progressive=""False"" type=""video"">",30,135,TRUE
Milk,TRIPLE PRISMATIC TYRANT!! 5 Imperial Infinite AD Samira Build Ft. Robinsongz - TFT Set 6 | Milk,https://www.youtube.com/watch?v=Bl8aRReM3hM,2022-01-13,23807,,"['tft samira carry', 'tft samira reroll', 'tft samira build', 'samira best build', 'tft imperial samira', 'tft meta comps', 'tft rank 1 player', 'tft milk', 'tft milk guy', 'tft best comps', 'tft robinsongz', 'liquid robin', 'deliciousmilkgg tft', 'teamfight tactics', 'tft', 'tft set 6', 'tft double up', 'tft duo']","<Stream: itag=""135"" mime_type=""video/mp4"" res=""480p"" fps=""30fps"" vcodec=""avc1.4d401f"" progressive=""False"" type=""video"">",30,135,TRUE
Milk,3 STAR GALIO AND 3 STAR VIKTOR!! Double Up Mode with K3soju - Teamfight Tactics Rank 1 & 2 | Milk,https://www.youtube.com/watch?v=y9D9Gw-LJT0,2022-01-12,25382,,"['3 star galio', '3 star viktor', 'viktor 3 star tft', 'galio 3 star', 'tft set 6', 'tft duos', 'tft double up', 'tft milk', 'tft k3soju', 'tft soju', 'teamfight tactics', 'deliciousmilkgg tft', 'tft', 'tft rank 1 player', '3 star galio tft', '3 star viktor tft', 'tft 12.1 comps', 'tft milk guy', 'rank 1 set 6', 'rank 1 and 2 duo tft']","<Stream: itag=""135"" mime_type=""video/mp4"" res=""480p"" fps=""30fps"" vcodec=""avc1.4d401f"" progressive=""False"" type=""video"">",30,135,TRUE
Milk,DOUBLE TAHM KENCH FARMED ME 3 FONS!! - Teamfight Tactics Rank 1 | Milk,https://www.youtube.com/watch?v=BEEBy5XLOwE,2022-01-10,16429,,"['tft tahm kench', 'tahm kench tft', 'tahm kench feed', 'tft rank 1 player', 'tahm kench item farm tft', 'tft tahm kench carry', 'tft new patch', 'tft set 6 kench', 'tft kench feed', 'deliciousmilkgg tft', 'teamfight tactics', 'tft set 6', 'rank 1 tft', 'milk guy', 'tft milk', 'tft rank 1 set 6', 'tft patch 12.1 comps', 'tft challenger comp', 'tft challenger gameplay', 'tacticians crown']","<Stream: itag=""135"" mime_type=""video/mp4"" res=""480p"" fps=""30fps"" vcodec=""avc1.4d401f"" progressive=""False"" type=""video"">",30,135,TRUE
Milk,NEW PATCH KAISA IS STILL INSANE!! Triple Morello Kai'Sa Carry Patch 12.1 - TFT Rank 1 | Milk,https://www.youtube.com/watch?v=2hvis6uHOeU,2022-01-07,6921,,"['tft kaisa', 'tft new patch', 'tft kaisa carry', 'tft set 6 kaisa', 'tft set 6', 'tft jayce carry', 'deliciousmilkgg tft', 'teamfight tactics', 'tft', 'rank 1 tft', 'milk guy', 'tft milk', 'tft rank 1 player', 'tft rank 1 set 6', 'tft patch 12.1 comps', 'tft morello stack', 'tft challenger comp', 'tft challenger gameplay']","<Stream: itag=""135"" mime_type=""video/mp4"" res=""480p"" fps=""30fps"" vcodec=""avc1.4d401f"" progressive=""False"" type=""video"">",30,135,TRUE
Milk,3 STAR JAYCE!! Triple Prismatic Augment Jayce 3 VS Akali 3 - Teamfight Tactics Rank 1 | Milk,https://www.youtube.com/watch?v=CzOPg6FacAc,2022-01-03,31888,,"['3 star jayce tft', 'set 6 jayce 3', 'tft jayce 3 star', 'tft jayce carry', 'tft backline jayce', 'tft rank 1', 'tft rank 1 player', 'tft rank 1 gameplay', '3 star 5 cost tft', 'deliciousmilkgg tft', 'teamfight tactics', 'tft', 'tft set 6', '3 star akali', 'Teamfight Tactics Rank 1', 'tft triple prismatic', 'tft prismatic', 'tft augments', 'milk tft', 'milk guy tft']","<Stream: itag=""135"" mime_type=""video/mp4"" res=""480p"" fps=""30fps"" vcodec=""avc1.4d401f"" progressive=""False"" type=""video"">",30,135,TRUE
Milk,THE BOYS GO 3 SOCIALITE CLAPIO/KAISA!! Ft. K3soju & TSM Kiyoon - Teamfight Tactics Rank 1 | Milk,https://www.youtube.com/watch?v=3nI045YYKNk,2021-12-31,10128,,"['tft clapio', 'tft kaisa', 'tft k3soju', 'tft kiyoon', 'tft milk', 'tft milk guy', 'clapio comp', 'kaisa comp', 'clapio items', 'kaisa items tft', 'deliciousmilkgg tft', 'teamfight tactics', 'tft', 'tft guide', 'tft set 6', 'tft rank 1', 'teamfight tactics rank 1', 'tft meta set 6', 'tft funny moments']","<Stream: itag=""135"" mime_type=""video/mp4"" res=""480p"" fps=""30fps"" vcodec=""avc1.4d401f"" progressive=""False"" type=""video"">",30,135,TRUE
Milk,TFT RANK 1 CHALLENGER AGAIN! Hitting Rank 1 with Kai’Sa and Urgot - Teamfight Tactics | Milk,https://www.youtube.com/watch?v=ZnPaJBGxc6E,2021-12-29,10916,,"['tft rank 1', 'tft rank 1 player', 'rank 1 tft gameplay', 'rank 1 tft set 6', 'rank 1 tft', 'milk guy', 'tft', 'deliciousmilkgg tft', 'milk tft', 'k3soju tft', 'teamfight tactics', 'tft guide', 'tft challenger gameplay', 'best tft player', 'teamfight tactics rank 1', 'tft rank 1 set 6']","<Stream: itag=""135"" mime_type=""video/mp4"" res=""480p"" fps=""30fps"" vcodec=""avc1.4d401f"" progressive=""False"" type=""video"">",30,135,TRUE
Milk,10 STREAK JACKPOT!! Mercenary Cash Out into Legendary Comp - Teamfight Tactics Patch 11.24b | Milk,https://www.youtube.com/watch?v=JwN02hZHWFQ,2021-12-27,14185,,"['tft mercenary chest', 'tft mercenary 7', 'tft mercenary lose streak', 'tft mercenary opener', 'tft mercenary cash out', 'mercenary tft', 'tft meta comps', 'tft best comps', 'tft mercs', 'kaisa tft', 'tahm kench tft', 'jayce tft', 'jinx tft', 'tft rank 1', 'rank 1 tft gameplay', 'teamfight tactics', 'tft', 'tft guide', 'tft legendary comp', 'legendary comp tft', 'tft legendary']","<Stream: itag=""135"" mime_type=""video/mp4"" res=""480p"" fps=""30fps"" vcodec=""avc1.4d401f"" progressive=""False"" type=""video"">",30,135,TRUE
Milk,RFC YONE TECH!! This RFC Yone Meta Is Too Broken - Teamfight Tactics Patch 11.24b | Milk,https://www.youtube.com/watch?v=c1rWCxfemDg,2021-12-24,5007,,"['tft yone carry', 'tft yone comp', 'yone carry set 6', '3 star yone tft', 'tft meta', 'tft meta comps', 'tft best comps', 'tft meta 11.24', 'deliciousmilkgg tft', 'milk guy tft', 'tft milk', 'rank 1 tft set 6', 'rank 1 tft gameplay', 'tft rfc', 'teamfight tactics', 'tft', 'patch 11.24b', 'k3soju tft', 'tft set 6', 'tft guide', 'tft tech set 6']","<Stream: itag=""135"" mime_type=""video/mp4"" res=""480p"" fps=""30fps"" vcodec=""avc1.4d401f"" progressive=""False"" type=""video"">",30,135,TRUE
Milk,3 STAR AD FIORA!! I Tried Fiora Carry AD Build and Was Shocked (TFT Set 6) | Milk,https://www.youtube.com/watch?v=g7f43zC_mUs,2021-12-22,5364,,"['tft 3 star fiora', 'tft fiora carry', 'tft set 6 fiora carry', 'fiora carry tft set 6', '3 star fiora', 'tft challenger gameplay', 'tft challenger comp', 'tft set 6 fiora', 'tft ad fiora', 'tft fiora items', 'tft fiora build', 'tft socialite comp', 'tft fiora comp', 'tft best comps', 'tft milk guy', 'tft milk', 'tft milk mortdog', 'deliciousmilkgg tft', 'tft', 'teamfight tactics', 'tft guide', 'tft rank 1']","<Stream: itag=""135"" mime_type=""video/mp4"" res=""480p"" fps=""30fps"" vcodec=""avc1.4d401f"" progressive=""False"" type=""video"">",30,135,TRUE
Milk,7 SYNDICATE IS BROKEN!! Viktor ATK Speed and MR Shred Build (TFT Patch 11.24b) | Milk,https://www.youtube.com/watch?v=VG6M4QTKOjA,2021-12-19,2983,,"['tft syndicate', 'tft syndicate comp', 'tft syndicate guide', 'tft viktor carry', 'tft syndicate set 6', 'tft viktor set 6', 'tft kaisa set 6', 'tft milk', 'tft pro comps', 'tft comb', 'tft patch 11.24b', 'tft meta comps', 'tft milk guy', 'teamfight tactics', 'tft guide', 'teamfight tactics set 6', 'tft set 6', 'tft statikk shiv', 'tft rfc', 'tft broken comps', 'tft broken build', 'tft broken champs']","<Stream: itag=""135"" mime_type=""video/mp4"" res=""480p"" fps=""30fps"" vcodec=""avc1.4d401f"" progressive=""False"" type=""video"">",30,135,TRUE
Milk,STAND BEHIND ME!! Yone Tanks and Carries with Bodyguard Challenger Comp (TFT Patch 11.24b) | Milk,https://www.youtube.com/watch?v=jwwJpuUPAys,2021-12-17,3685,,"['tft stand behind me', 'tft titanic force', 'tft bodyguard comp', 'tft bodyguard build', 'tft challenger comp', 'tft challenger gameplay', 'tft challenger set 6', 'tft rank 1', 'tft set 6 yone', 'yone tft carry', 'tft augments', 'tft milk', 'tft milk guy', 'deliciousmilkgg tft', 'teamfight tactics', 'tft', 'tft guide', 'tft best comps', 'tft 11.24b', 'tft 11.24 patch']","<Stream: itag=""135"" mime_type=""video/mp4"" res=""480p"" fps=""30fps"" vcodec=""avc1.4d401f"" progressive=""False"" type=""video"">",30,135,TRUE
Milk,3 HP COMEBACK!! Protector Cho'Gath in Giant Slayer Duo/Solo Tournament Ft. Becca (TFT Set 6) | Milk,https://www.youtube.com/watch?v=sr0AEicY3pQ,2021-12-13,3913,,"['tft tournament set 6', 'tft duo tournament', 'tft pro tournament', 'tft giant slayer', ""tft cho'gath"", ""tft cho'gath set 6"", ""tft cho'gath carry"", 'tft protector chogath', 'becca tft', 'milk tft', 'k3soju tft', 'kiyoon tft', 'robinsongz tft', 'ramblinnn tft', 'kurumx tft', 'deliciousmilkgg tft', 'teamfight tactics', 'tft', 'tft best comps', 'tft set 6']","<Stream: itag=""135"" mime_type=""video/mp4"" res=""480p"" fps=""30fps"" vcodec=""avc1.4d401f"" progressive=""False"" type=""video"">",30,135,TRUE
Milk,Double Up with Mortdog! Double Clapio in Duo Mode (TFT Patch 11.24) | Milk,https://www.youtube.com/watch?v=aFAIXYxGtHQ,2021-12-11,5961,,"['mortdog tft set 6', 'milk tft', 'double up tft', 'tft duo mode', 'tft lab partners', 'tft duo tournament', 'tft double up tourney', 'clapio tft', 'tft galio ad', 'tft clapio items', 'tft fun comps', 'deliciousmilkgg tft', 'teamfight tactics', 'tft best comps', 'teamfight tactics op', 'teamfight tactics gameplay', 'teamfight tactics strategy', 'tft comps', 'set 6', 'tft milk mortdog']","<Stream: itag=""135"" mime_type=""video/mp4"" res=""480p"" fps=""30fps"" vcodec=""avc1.4d401f"" progressive=""False"" type=""video"">",30,135,TRUE
Milk,3 STAR URGOT IS INSANE!! 5 Chemtech Urgot 3 Exceeded My Expectations (TFT Set 6 Ranked) | Milk,https://www.youtube.com/watch?v=YdbC7gBkusY,2021-12-09,2789,,"['tft 3 star urgot', 'tft urgot 3 star', 'tft urgot carry', 'tft urgot set 6', 'tft urgot build', 'tft urgot items', 'tft chemtech urgot', 'tft guide', 'tft set 6', 'teamfight tactics', 'tft best comps', 'tft rank 1', 'tft milk', 'deliciousmilkgg tft', 'tft', '3 star urgot']","<Stream: itag=""135"" mime_type=""video/mp4"" res=""480p"" fps=""30fps"" vcodec=""avc1.4d401f"" progressive=""False"" type=""video"">",30,135,TRUE
Milk,8 CHALLENGER IS BROKEN!! +300% ATK Speed Kai'Sa/Yone (TFT Set 6 Patch 11.23b) | Milk,https://www.youtube.com/watch?v=C0VXKly0Aok,2021-12-07,3411,,"['tft 8 challenger', '8 challenger tft', 'tft challenger gameplay', 'tft challenger comp', 'tft challenger set 6', 'tft kaisa set 6', 'tft yone set 6', 'tft rank 1', 'tft pro gameplay', 'tft best comps', 'tft meta comps', 'deliciousmilkgg tft', 'teamfight tactics', 'tft stream', 'tft set 6', 'tft', 'milk tft']","<Stream: itag=""135"" mime_type=""video/mp4"" res=""480p"" fps=""30fps"" vcodec=""avc1.4d401f"" progressive=""False"" type=""video"">",30,135,TRUE
Milk,WARWICK REROLL COMP!! Warwick & Quinn Are the Best Challenger Duo (TFT Set 6 Patch 11.23b) | Milk,https://www.youtube.com/watch?v=q-zFMEvu6eQ,2021-12-05,5170,,"['tft warwick carry', 'tft warwick set 6', 'tft warwick carry set 6', 'tft challenger comp', 'tft quinn set 6', 'tft chemtech comp', 'tft warwick items', 'tft meta comps', 'tft pro gameplay', 'tft rank 1', 'tft challenger gameplay', 'tft guide', 'tft set 6', 'deliciousmilkgg tft', 'milk tft', 'teamfight tactics', 'tft best comps', 'tft']","<Stream: itag=""135"" mime_type=""video/mp4"" res=""480p"" fps=""30fps"" vcodec=""avc1.4d401f"" progressive=""False"" type=""video"">",30,135,TRUE
Milk,CLAPIO IS BROKEN!! 3 Socialite Colossus AD Galio Carry (TFT Set 6 Patch 11.23b) | Milk,https://www.youtube.com/watch?v=cxiNWF4q0n8,2021-12-03,9942,,"['tft clapio', 'tft clappio', 'tft galio carry', 'tft set 6 galio', 'tft set 6 galio items', 'tft ad galio', 'tft meta comps', 'tft fun comps', 'tft galio comp set 6', 'tft clapio comp', 'tft guide', 'tft set 6', 'teamfight tactics', 'tft rank 1', 'milk tft', 'deliciousmilkgg', 'socialite tft comp']","<Stream: itag=""135"" mime_type=""video/mp4"" res=""480p"" fps=""30fps"" vcodec=""avc1.4d401f"" progressive=""False"" type=""video"">",30,135,TRUE
Milk,Arcanist Spat Heimer Carry!! 4 Scholar 4 Arcanist Heimerdinger Comp (TFT Ranked Set 6) | Milk,https://www.youtube.com/watch?v=ki-V_9O1jBc,2021-11-30,2128,,"['tft heimerdinger set 6', 'tft heimer comp', 'tft heimerdinger comp', 'tft heimer build', 'tft heimerdinger carry', 'tft challenger gameplay', 'tft heimerdinger items', 'tft 3 star heimer carry', 'tft 3 star heimerdinger', 'tft meta comps', 'tft set 6', 'tft scholar comp', 'teamfight tactics', 'tft best comps', 'tft set 6 milk', 'tft', 'milk tft', 'tft guide', 'tft rank 1', 'deliciousmilkgg tft']","<Stream: itag=""135"" mime_type=""video/mp4"" res=""480p"" fps=""30fps"" vcodec=""avc1.4d401f"" progressive=""False"" type=""video"">",30,135,TRUE
Milk,FIRST AID VEX IS BROKEN!! Arcanist Vex/Malzahar Free LP Comp (TFT Set 6 Patch 11.23b) | Milk,https://www.youtube.com/watch?v=DeCDleMaLPQ,2021-11-28,4391,,"['tft vex carry', 'tft vex comp', 'tft vex items', 'tft arcanist set 6', 'tft vex build', '3 star vex tft', 'tft vex reroll', 'tft reroll comp set 6', 'tft meta comps', 'tft meta set 6', 'deliciousmilkgg tft', 'milk tft', 'rank 1 tft player', 'teamfight tactics', 'tft', 'tft set 6', 'tft guide']","<Stream: itag=""135"" mime_type=""video/mp4"" res=""480p"" fps=""30fps"" vcodec=""avc1.4d401f"" progressive=""False"" type=""video"">",30,135,TRUE
Milk,Legendary Assassin!! Jayce and Tahm Kench Assassin Comp (TFT Set 6 Patch 11.23b) | Milk,https://www.youtube.com/watch?v=jWApdbIbdV8,2021-11-26,2954,,"['tft assassin comp set 6', 'tft assassin emblem', 'tft katarina comp', 'tft jayce set 6', 'tft tahm kench set 6', 'tft meta comps', 'tft comps', 'tft comps set 6', 'deliciousmilkgg tft', 'milk tft', 'teamfight tactics', 'tft best comps', 'tft set 6', 'tft guide', 'tft jayce build', 'tft tahm kench build']","<Stream: itag=""135"" mime_type=""video/mp4"" res=""480p"" fps=""30fps"" vcodec=""avc1.4d401f"" progressive=""False"" type=""video"">",30,135,TRUE
Milk,SINS REROLL META!! 6 Assassin 3 Star Katarina Carry (TFT Set 6 Patch 11.23b) | Milk,https://www.youtube.com/watch?v=RA94ynT-c1E,2021-11-24,4632,,"['tft katarina carry', 'tft katarina comp', 'tft katarina items', 'tft assassin comp set 6', 'tft assassin ionic spark', '3 star katarina tft', 'tft assassin reroll', 'tft reroll comp set 6', 'tft meta comps', 'tft meta set 6', 'deliciousmilkgg tft', 'milk tft', 'rank 1 tft player', 'teamfight tactics', 'tft', 'tft set 6']","<Stream: itag=""135"" mime_type=""video/mp4"" res=""480p"" fps=""30fps"" vcodec=""avc1.4d401f"" progressive=""False"" type=""video"">",30,135,TRUE
Milk,6 Sniper Miss Fortune Reroll!! 3 Star Max AP Miss Fortune Ft. Becca (TFT Set 6 Double Up) | Milk,https://www.youtube.com/watch?v=sIv07I5c0t4,2021-11-22,5246,,"['tft miss fortune carry', 'tft mf reroll', 'tft sniper comp set 6', 'tft sniper build', 'tft set 6 miss fortune', 'tft set 6 miss fortune items', 'milk tft', 'becca tft', 'tft set 6 reroll comp', 'tft worlds milk', 'deliciousmilkgg tft', 'tft best comps', 'tft challenger gameplay', 'tft rank 1', 'teamfight tactics', 'tft']","<Stream: itag=""135"" mime_type=""video/mp4"" res=""480p"" fps=""30fps"" vcodec=""avc1.4d401f"" progressive=""False"" type=""video"">",30,135,TRUE
Milk,3 Socialite Sion 3 Comp Is INSANE!! Ft. Becca (Set 6 Double Up) | Milk,https://www.youtube.com/watch?v=Lxpec61hDjw,2021-11-20,3022,,"['tft double up', 'tft 3 star sion carry', 'becca tft', 'milk tft', 'tft sion items', 'imperial comp', 'set 6 socialite', 'teamfight tactics', 'tft', 'set 6 tft duo', 'tft rank 1', 'deliciousmilkgg tft', 'tft set 6', 'tft sion set 6', 'tft comps set 6']","<Stream: itag=""135"" mime_type=""video/mp4"" res=""480p"" fps=""30fps"" vcodec=""avc1.4d401f"" progressive=""False"" type=""video"">",30,135,TRUE
Milk,We Hit Rank 1 in TFT Duo Mode Ft. Becca (Set 6 Double Up) | Milk,https://www.youtube.com/watch?v=TFgkwvgKS-g,2021-11-18,10955,,"['tft duo mode', 'tft double up', 'tft 2v2v2v2', 'becca tft', 'milk tft', 'tft duo mode live', '3 star lux set 6', 'set 6 3 star urgot', 'teamfight tactics', 'tft', 'set 6 tft duo', 'tft rank 1', 'deliciousmilkgg tft', 'tft set 6']","<Stream: itag=""135"" mime_type=""video/mp4"" res=""480p"" fps=""30fps"" vcodec=""avc1.4d401f"" progressive=""False"" type=""video"">",30,135,TRUE
Milk,Mercenary Start Got Me to 10hp on Stage 3!! Then Jinx and Urgot Happened (TFT Set 6) | Milk,https://www.youtube.com/watch?v=SpzFOOG6G_c,2021-11-16,2407,,"['tft rank 1 player', 'tft set 6', 'tft comeback', 'tft milk', 'tft mercenary', 'tft set 6 mercenary', 'tft jinx set 6', 'tft urgot carry', 'tft jinx items set 6', 'tft urgot items', 'tft streamer', 'becca tft', 'k3soju tft', 'deliciousmilkgg tft', 'teamfight tactics', 'tft']","<Stream: itag=""135"" mime_type=""video/mp4"" res=""480p"" fps=""30fps"" vcodec=""avc1.4d401f"" progressive=""False"" type=""video"">",30,135,TRUE
Milk,5 SYNDICATE 4 ASSASSIN AKALI COMP! MAX AP CRIT DASH Ft. Becca (TFT 2v2v2v2 Set 6) | Milk,https://www.youtube.com/watch?v=ayzC3sxIXtM,2021-11-14,3296,,"['tft assassin comp set 6', 'tft akali items set 6', 'tft assassin set 6', 'tft shaco items set 6', 'akali carry set 6', 'shaco carry tft', 'syndicate comp tft', 'becca tft', 'milk tft', 'duo mode tft', 'tft 2v2v2v2', 'deliciousmilkgg tft', 'set 6 comps', 'tft rank 1', 'teamfight tactics', 'tft set 6', 'tft guide']","<Stream: itag=""135"" mime_type=""video/mp4"" res=""480p"" fps=""30fps"" vcodec=""avc1.4d401f"" progressive=""False"" type=""video"">",30,135,TRUE
Milk,Protector Katarina 3 Carry!! Every ULT Gives Max Shield (TFT Set 6) | Milk,https://www.youtube.com/watch?v=lwCEpt-w3bw,2021-11-12,9632,,"['tft katarina', 'tft katarina carry', 'tft katarina comp', 'tft katarina set 6', 'tft protector comp set 6', 'tft protector katarina', 'tft comps set 6', 'tft best comps', 'tft set 6', 'tft rank 1 player', 'rank 1 tft gameplay', 'teamfight tactics', 'tft', 'deliciousmilkgg']","<Stream: itag=""135"" mime_type=""video/mp4"" res=""480p"" fps=""30fps"" vcodec=""avc1.4d401f"" progressive=""False"" type=""video"">",30,135,TRUE
Milk,6 Challenger Yone 3 Slices Everything in Seconds (Teamfight Tactics Set 6) | Milk,https://www.youtube.com/watch?v=O6yD2A2Iygg,2021-11-10,2664,,"['3 star yone set 6', 'milk tft', 'becca tft', '7 innovator tft', 'new set 6 yone', 'tft yone items', 'tft yone set 6', 'rank 1 tft', 'teamfight tactics', 'tft stream', 'tft worlds', 'tft yone carry', 'deliciousmilkgg tft', 'tft yone build', 'tft challenger comp', 'tft challenger gameplay', 'tft set 6', 'tft', 'set6', 's6']","<Stream: itag=""135"" mime_type=""video/mp4"" res=""480p"" fps=""30fps"" vcodec=""avc1.4d401f"" progressive=""False"" type=""video"">",30,135,TRUE
Milk,3 Socialite Viktor with 7 Innovator Dragon Buff Is Too Broken!! (TFT Set 6) | Milk,https://www.youtube.com/watch?v=Fpz5M8kiGb4,2021-11-08,3706,,"['tft innovator dragon', 'milk tft', 'becca tft', '7 Innovator comp tft', '7 innovator tft', 'set 6 viktor', 'tft viktor items', 'tft viktor set 6', 'rank 1 tft', 'teamfight tactics', 'tft stream', 'tft worlds', 'tft viktor carry', 'deliciousmilkgg tft']","<Stream: itag=""397"" mime_type=""video/mp4"" res=""480p"" fps=""30fps"" vcodec=""av01.0.04M.08"" progressive=""False"" type=""video"">",30,397,TRUE
Milk,Breaking the Game With Gunblade Malzahar (TFT Set 6) | Milk,https://www.youtube.com/watch?v=aHMPSfoNkzs,2021-11-06,4259,,"['malzahar tft build', 'tft malzahar set 6', 'tft malzahar carry', 'tft malzahar items', 'set 6 malzahar', 'tft mutant comp', 'tft malzahar reroll', 'tft reroll comp', 'tft set 6 comps', 'tft set 6 combs', 'milk tft', 'deliciousmilkgg tft', 'teamfight tactics', 'tft best comps', 'tft set 6', 'tft', 'tft ranked', 'tft set 6 live', 'tft rank 1 na']","<Stream: itag=""397"" mime_type=""video/mp4"" res=""480p"" fps=""30fps"" vcodec=""av01.0.04M.08"" progressive=""False"" type=""video"">",30,397,TRUE
Milk,5 Mutant BIS Kai'Sa Dominates New Duo Mode Ft. Becca (TFT Set 6 Double Up) | Milk,https://www.youtube.com/watch?v=1tvjlrwGqkg,2021-11-04,4624,,"['tft duo mode', 'tft double up', 'tft 2v2v2v2', 'tft mutant comp', 'tft kaisa set 6', 'tft kaisa items', ""tft kai'sa build"", 'becca tft', 'milk tft', 'deliciousmilkgg tft', 'teamfight tactics', 'tft', 'set 6 tft']","<Stream: itag=""135"" mime_type=""video/mp4"" res=""480p"" fps=""30fps"" vcodec=""avc1.4d401f"" progressive=""False"" type=""video"">",30,135,TRUE
Milk,7 MERCENARY 50+ ITEM COMPONENTS! 3 Star Gangplank Ft. Becca & Rayditz (TFT Set 6) | Milk,https://www.youtube.com/watch?v=Q7SqviU31fI,2021-11-02,11675,,"['deliciousmilkgg tft', 'milk tft', 'becca tft', 'rayditz tft', 'mercenary comp tft', '7 mercenary tft', 'set 6 gangplank', 'tft gangplank 3 star', 'tft tahm kench set 6', 'rank 1 tft', 'teamfight tactics', 'twitch tft']","<Stream: itag=""397"" mime_type=""video/mp4"" res=""480p"" fps=""30fps"" vcodec=""av01.0.04M.08"" progressive=""False"" type=""video"">",30,397,TRUE
Milk,Feeding Tahm Kench 5 Cost AP Units! 3 Socialite Well-fed Glutton (TFT Set 6) | Milk,https://www.youtube.com/watch?v=cf2YnWcfqFE,2021-10-31,10784,,"['deliciousmilkgg', 'milk tft', 'tft glutton', 'tft new set', 'set 6 tahm kench', 'tft pbe', 'tft 3 socialite', 'tft comps', 'tft combs', 'twitch tft', 'rank 1 tft', 'set 6 reroll comps', 'deliciousmilkgg tft', 'teamfight tactics', 'tft', 'tft gizmos and gadgets']","<Stream: itag=""397"" mime_type=""video/mp4"" res=""480p"" fps=""30fps"" vcodec=""av01.0.04M.08"" progressive=""False"" type=""video"">",30,397,TRUE
Milk,8 Bruiser Vi/Trundle Reroll Comp Is Too Broken! (TFT Set 6) | Milk,https://www.youtube.com/watch?v=qbBVf4uIEO0,2021-10-29,9148,,"['deliciousmilkgg', 'milk tft', 'tft bruiser', 'tft new set', 'set 6 vi', 'set 6 trundle', 'tft pbe', 'tft 8 bruiser', 'tft comps', 'tft combs', 'twitch tft', 'rank 1 tft', 'set 6 reroll comps', 'deliciousmilkgg tft', 'teamfight tactics', 'tft', 'tft gizmos and gadgets']","<Stream: itag=""397"" mime_type=""video/mp4"" res=""480p"" fps=""30fps"" vcodec=""av01.0.04M.08"" progressive=""False"" type=""video"">",30,397,TRUE
Milk,Double Titans Colossus Galio Can’t Be Moved! (TFT Set 6 PBE) | Milk,https://www.youtube.com/watch?v=xWEnD8nP8os,2021-10-27,2663,,"['deliciousmilkgg tft', 'Milk tft', 'tft new galio', 'set 6 colossus', 'set 6 galio carry', 'set 6 star galio', 'set 6 comps tft', 'set 6 combs', 'tft pbe set 6', 'tft pbe gameplay', 'rank 1 tft', 'teamfight tactics', 'new set 6', 'set 6 socialite', 'set 6 sion', 'set 6 yuumi', 'twitch tft', 'tft pbe', 'tft set 6 items']","<Stream: itag=""135"" mime_type=""video/mp4"" res=""480p"" fps=""30fps"" vcodec=""avc1.4d401f"" progressive=""False"" type=""video"">",30,135,TRUE
Milk,Most Expensive TFT Board of All Time!! 3 Star Fiora Carry (TFT Set 6 PBE) | Milk,https://www.youtube.com/watch?v=LUaLIn1FtV8,2021-10-25,3810,,"['deliciousmilkgg tft', 'Milk tft', 'tft new Fiora', 'set 6 socialite', 'set 6 fiora carry', 'set 6 3 star fiora', 'set 6 comps tft', 'set 6 combs', 'tft pbe set 6', 'tft pbe gameplay', 'rank 1 tft', 'teamfight tactics', 'new set 6', 'set 6 3 star yone', 'set 6 3 star seraphine', 'set 6 3 star braum']","<Stream: itag=""135"" mime_type=""video/mp4"" res=""480p"" fps=""30fps"" vcodec=""avc1.4d401f"" progressive=""False"" type=""video"">",30,135,TRUE
Milk,Breaking the Game With 3 Socialite Reroll Garen (TFT Set 6) | Milk,https://www.youtube.com/watch?v=P5sn-abFT10,2021-10-24,8990,,"['deliciousmilkgg tft', 'Milk tft', 'tft new Garen reroll', 'set 6 socialite', 'set 6 garen', 'set 6 protector', 'set 6 comps tft', 'set 6 combs', 'tft pbe set 6', 'tft pbe gameplay', 'rank 1 tft', 'teamfight tactics', 'new set 6']","<Stream: itag=""135"" mime_type=""video/mp4"" res=""480p"" fps=""30fps"" vcodec=""avc1.4d401f"" progressive=""False"" type=""video"">",30,135,TRUE
Milk,These Jhin Items Are Insane!! Max AD Jhin (TFT Set 6 PBE) | Milk,https://www.youtube.com/watch?v=R5PzuB5NcYM,2021-10-23,2043,,"['tft set 6', 'tft set 6 pbe', 'tft set 6 comps', 'tft jhin carry', 'tft jhin build', 'tft pbe gameplay', 'tft twitch', 'milk tft', 'deliciousmilkgg tft', 'tft worlds', 'tft rank 1', 'tft Jhin set6', 'tft challenger gameplay']","<Stream: itag=""135"" mime_type=""video/mp4"" res=""480p"" fps=""30fps"" vcodec=""avc1.4d401f"" progressive=""False"" type=""video"">",30,135,TRUE
Milk,3 Star Sion One-shots EVERYTHING! Imperial Challenger Comp (TFT Set 6 PBE) | Milk,https://www.youtube.com/watch?v=UnwRkMfEMZQ,2021-10-21,3935,,"['tft set 6', 'tft set 6 pbe', 'tft set 6 comps', 'tft set 6 SION', 'tft SION set 6', 'tft augments', 'tft milk', 'tft', 'tft gizmos and gadgets', 'tft patch 11.21', 'deliciousmilkgg', 'tft set 6 IMPERIAL', 'tft set 6 COLOSSAL', 'March of Progress Augment', 'teamfight tactics']","<Stream: itag=""135"" mime_type=""video/mp4"" res=""480p"" fps=""30fps"" vcodec=""avc1.4d401f"" progressive=""False"" type=""video"">",30,135,TRUE
Milk,NEW 5 Syndicate 6 Assassin Akali & Shaco Are Busted Together (TFT Set 6 PBE) | Milk,https://www.youtube.com/watch?v=15s0I9kp0yY,2021-10-20,4929,,"['tft set 6', 'tft set 6 pbe', 'tft set 6 comps', 'tft set 6 shaco', 'tft akali set 6', 'tft augments', 'tft milk', 'tft set 6 akali', 'tft', 'tft gizmos and gadgets', 'tft patch 11.21', 'deliciousmilkgg', 'tft set 6 assassin', 'tft set 6 syndicate']","<Stream: itag=""135"" mime_type=""video/mp4"" res=""480p"" fps=""30fps"" vcodec=""avc1.4d401f"" progressive=""False"" type=""video"">",30,135,TRUE
Milk,HUGE 6 KEEPER SHIELD | Teamfight Tatics Fates Set 4 Fates,https://www.youtube.com/watch?v=2znrrBoDaH0,2020-11-18,3540,,"['Deliciousmilkgg', 'TFT', 'Teamfight Tactics', 'DeliciousmilkGG TFT', 'set 1', 'set 2', 'set 3', 'Rank 1 TFT', 'tft guide', 'tft set 4', 'set 4 tft', 'set 4', 'tft fates', 'Teamfight Tactics Guide', 'tft azir', '4star tft', '3 star tft', 'tft best comps', 'tft tier list', 'tft tips', 'tft moblie', 'tft meta', 'teamfight tatics comps']","<Stream: itag=""135"" mime_type=""video/mp4"" res=""480p"" fps=""30fps"" vcodec=""avc1.4d401f"" progressive=""False"" type=""video"">",30,135,FALSE
