,image_name,champion_onehot,champion_name
0,image_0_batch-data-0_batch-data-0.jpg,10,Background
1,image_1_batch-data-0_batch-data-0.jpg,10,Background
2,image_2_batch-data-0_batch-data-0.jpg,10,Background
3,image_3_batch-data-0_batch-data-0.jpg,10,Background
4,image_4_batch-data-0_batch-data-0.jpg,10,Background
5,image_5_batch-data-0_batch-data-0.jpg,10,Background
6,image_6_batch-data-0_batch-data-0.jpg,10,Background
7,image_7_batch-data-0_batch-data-0.jpg,10,Background
8,image_8_batch-data-0_batch-data-0.jpg,10,Background
9,image_9_batch-data-0_batch-data-0.jpg,10,Background
10,image_10_batch-data-0_batch-data-0.jpg,10,Background
11,image_11_batch-data-0_batch-data-0.jpg,10,Background
12,image_12_batch-data-0_batch-data-0.jpg,10,Background
13,image_13_batch-data-0_batch-data-0.jpg,10,Background
14,image_14_batch-data-0_batch-data-0.jpg,23,Background
15,image_15_batch-data-0_batch-data-0.jpg,10,Background
16,image_16_batch-data-0_batch-data-0.jpg,10,Background
17,image_17_batch-data-0_batch-data-0.jpg,70,Background
18,image_18_batch-data-0_batch-data-0.jpg,10,Background
19,image_19_batch-data-0_batch-data-0.jpg,10,Background
20,image_20_batch-data-0_batch-data-0.jpg,10,Background
21,image_21_batch-data-0_batch-data-0.jpg,10,Background
22,image_22_batch-data-0_batch-data-0.jpg,23,Background
23,image_23_batch-data-0_batch-data-0.jpg,23,Background
24,image_24_batch-data-0_batch-data-0.jpg,23,Background
25,image_25_batch-data-0_batch-data-0.jpg,10,Urgot
26,image_26_batch-data-0_batch-data-0.jpg,10,Background
27,image_27_batch-data-0_batch-data-0.jpg,10,Background
28,image_28_batch-data-0_batch-data-0.jpg,10,Background
29,image_29_batch-data-0_batch-data-0.jpg,70,Background
30,image_30_batch-data-0_batch-data-0.jpg,10,Background
31,image_31_batch-data-0_batch-data-0.jpg,23,Background
32,image_32_batch-data-0_batch-data-0.jpg,10,Background
33,image_33_batch-data-0_batch-data-0.jpg,10,Background
34,image_34_batch-data-0_batch-data-0.jpg,23,Background
35,image_35_batch-data-0_batch-data-0.jpg,10,Background
36,image_36_batch-data-0_batch-data-0.jpg,10,Background
37,image_37_batch-data-0_batch-data-0.jpg,10,Background
38,image_38_batch-data-0_batch-data-0.jpg,10,Background
39,image_39_batch-data-0_batch-data-0.jpg,10,Background
40,image_40_batch-data-0_batch-data-0.jpg,23,Background
41,image_41_batch-data-0_batch-data-0.jpg,10,Background
42,image_42_batch-data-0_batch-data-0.jpg,10,Background
43,image_43_batch-data-0_batch-data-0.jpg,10,Background
44,image_44_batch-data-0_batch-data-0.jpg,10,Background
45,image_45_batch-data-0_batch-data-0.jpg,10,Background
46,image_46_batch-data-0_batch-data-0.jpg,10,Background
47,image_47_batch-data-0_batch-data-0.jpg,10,Background
48,image_48_batch-data-0_batch-data-0.jpg,10,Background
49,image_49_batch-data-0_batch-data-0.jpg,10,Background
50,image_50_batch-data-0_batch-data-0.jpg,10,Background
51,image_51_batch-data-0_batch-data-0.jpg,10,Background
52,image_52_batch-data-0_batch-data-0.jpg,10,Background
53,image_53_batch-data-0_batch-data-0.jpg,10,Background
54,image_54_batch-data-0_batch-data-0.jpg,10,Background
55,image_55_batch-data-0_batch-data-0.jpg,10,Background
56,image_56_batch-data-0_batch-data-0.jpg,10,Background
57,image_57_batch-data-0_batch-data-0.jpg,10,Background
58,image_58_batch-data-0_batch-data-0.jpg,23,Background
59,image_59_batch-data-0_batch-data-0.jpg,23,Background
60,image_60_batch-data-0_batch-data-0.jpg,10,Background
61,image_61_batch-data-0_batch-data-0.jpg,10,Background
62,image_62_batch-data-0_batch-data-0.jpg,10,Background
63,image_63_batch-data-0_batch-data-0.jpg,10,Katarina
64,image_64_batch-data-0_batch-data-0.jpg,10,Background
65,image_65_batch-data-0_batch-data-0.jpg,10,Background
66,image_66_batch-data-0_batch-data-0.jpg,10,Background
67,image_67_batch-data-0_batch-data-0.jpg,23,Background
68,image_68_batch-data-0_batch-data-0.jpg,10,Background
69,image_69_batch-data-0_batch-data-0.jpg,10,Background
70,image_70_batch-data-0_batch-data-0.jpg,10,Background
71,image_71_batch-data-0_batch-data-0.jpg,10,Background
72,image_72_batch-data-0_batch-data-0.jpg,23,Background
73,image_73_batch-data-0_batch-data-0.jpg,10,Background
74,image_74_batch-data-0_batch-data-0.jpg,10,Background
75,image_75_batch-data-0_batch-data-0.jpg,10,Background
76,image_76_batch-data-0_batch-data-0.jpg,10,Background
77,image_77_batch-data-0_batch-data-0.jpg,10,Background
78,image_78_batch-data-0_batch-data-0.jpg,10,Background
79,image_79_batch-data-0_batch-data-0.jpg,23,Background
80,image_80_batch-data-0_batch-data-0.jpg,10,Background
81,image_81_batch-data-0_batch-data-0.jpg,10,Background
82,image_82_batch-data-0_batch-data-0.jpg,70,Background
83,image_83_batch-data-0_batch-data-0.jpg,10,Background
84,image_84_batch-data-0_batch-data-0.jpg,10,Warwick
85,image_85_batch-data-0_batch-data-0.jpg,10,Background
86,image_86_batch-data-0_batch-data-0.jpg,10,Background
87,image_87_batch-data-0_batch-data-0.jpg,10,Lissandra
88,image_88_batch-data-0_batch-data-0.jpg,10,Background
89,image_89_batch-data-0_batch-data-0.jpg,10,Background
90,image_90_batch-data-0_batch-data-0.jpg,10,Background
91,image_91_batch-data-0_batch-data-0.jpg,10,Background
92,image_92_batch-data-0_batch-data-0.jpg,23,Background
93,image_93_batch-data-0_batch-data-0.jpg,23,Background
94,image_94_batch-data-0_batch-data-0.jpg,23,Background
95,image_95_batch-data-0_batch-data-0.jpg,10,Background
96,image_96_batch-data-0_batch-data-0.jpg,10,Background
97,image_97_batch-data-0_batch-data-0.jpg,10,Background
98,image_98_batch-data-0_batch-data-0.jpg,10,Background
99,image_99_batch-data-0_batch-data-0.jpg,23,Background
100,image_100_batch-data-0_batch-data-0.jpg,10,Background
101,image_101_batch-data-0_batch-data-0.jpg,10,Background
102,image_102_batch-data-0_batch-data-0.jpg,10,Background
103,image_103_batch-data-0_batch-data-0.jpg,10,Background
104,image_104_batch-data-0_batch-data-0.jpg,10,Background
105,image_105_batch-data-0_batch-data-0.jpg,10,Background
106,image_106_batch-data-0_batch-data-0.jpg,10,Background
107,image_107_batch-data-0_batch-data-0.jpg,10,Background
108,image_108_batch-data-0_batch-data-0.jpg,10,Background
109,image_109_batch-data-0_batch-data-0.jpg,10,Background
110,image_110_batch-data-0_batch-data-0.jpg,10,Background
111,image_111_batch-data-0_batch-data-0.jpg,10,Background
112,image_112_batch-data-0_batch-data-0.jpg,10,Background
113,image_113_batch-data-0_batch-data-0.jpg,10,Background
114,image_114_batch-data-0_batch-data-0.jpg,10,Background
115,image_115_batch-data-0_batch-data-0.jpg,10,Background
116,image_116_batch-data-0_batch-data-0.jpg,10,Background
117,image_117_batch-data-0_batch-data-0.jpg,10,Background
118,image_118_batch-data-0_batch-data-0.jpg,23,Nocturne
119,image_119_batch-data-0_batch-data-0.jpg,70,Zyra
120,image_120_batch-data-0_batch-data-0.jpg,10,Background
121,image_121_batch-data-0_batch-data-0.jpg,10,Background
122,image_122_batch-data-0_batch-data-0.jpg,10,Background
123,image_123_batch-data-0_batch-data-0.jpg,10,Background
124,image_124_batch-data-0_batch-data-0.jpg,10,Background
125,image_125_batch-data-0_batch-data-0.jpg,23,Background
126,image_126_batch-data-0_batch-data-0.jpg,10,?
127,image_127_batch-data-0_batch-data-0.jpg,10,Background
128,image_128_batch-data-0_batch-data-0.jpg,10,Background
129,image_129_batch-data-0_batch-data-0.jpg,10,Background
130,image_130_batch-data-0_batch-data-0.jpg,10,Background
131,image_131_batch-data-0_batch-data-0.jpg,10,Background
132,image_132_batch-data-0_batch-data-0.jpg,10,Background
133,image_133_batch-data-0_batch-data-0.jpg,10,Taric
134,image_134_batch-data-0_batch-data-0.jpg,23,Background
135,image_135_batch-data-0_batch-data-0.jpg,10,Background
136,image_136_batch-data-0_batch-data-0.jpg,10,Background
137,image_137_batch-data-0_batch-data-0.jpg,10,Background
138,image_138_batch-data-0_batch-data-0.jpg,10,Background
139,image_139_batch-data-0_batch-data-0.jpg,10,Background
140,image_140_batch-data-0_batch-data-0.jpg,10,Background
141,image_141_batch-data-0_batch-data-0.jpg,10,Background
142,image_142_batch-data-0_batch-data-0.jpg,23,Background
143,image_143_batch-data-0_batch-data-0.jpg,10,Background
144,image_144_batch-data-0_batch-data-0.jpg,10,Background
145,image_145_batch-data-0_batch-data-0.jpg,10,Background
146,image_146_batch-data-0_batch-data-0.jpg,10,Background
147,image_147_batch-data-0_batch-data-0.jpg,10,Background
148,image_148_batch-data-0_batch-data-0.jpg,10,Background
149,image_149_batch-data-0_batch-data-0.jpg,23,Background
150,image_150_batch-data-0_batch-data-0.jpg,10,Background
151,image_151_batch-data-0_batch-data-0.jpg,10,Background
152,image_152_batch-data-0_batch-data-0.jpg,10,Background
153,image_153_batch-data-0_batch-data-0.jpg,10,Background
154,image_154_batch-data-0_batch-data-0.jpg,10,Background
155,image_155_batch-data-0_batch-data-0.jpg,10,Background
156,image_156_batch-data-0_batch-data-0.jpg,10,Background
157,image_157_batch-data-0_batch-data-0.jpg,10,Background
158,image_158_batch-data-0_batch-data-0.jpg,10,Background
159,image_159_batch-data-0_batch-data-0.jpg,10,Background
160,image_160_batch-data-0_batch-data-0.jpg,10,Background
161,image_161_batch-data-0_batch-data-0.jpg,10,Background
162,image_162_batch-data-0_batch-data-0.jpg,10,Background
163,image_163_batch-data-0_batch-data-0.jpg,10,Background
164,image_164_batch-data-0_batch-data-0.jpg,10,Background
165,image_165_batch-data-0_batch-data-0.jpg,10,Background
166,image_166_batch-data-0_batch-data-0.jpg,10,Background
167,image_167_batch-data-0_batch-data-0.jpg,10,Background
168,image_168_batch-data-0_batch-data-0.jpg,10,Background
169,image_169_batch-data-0_batch-data-0.jpg,10,Background
170,image_170_batch-data-0_batch-data-0.jpg,10,Background
171,image_171_batch-data-0_batch-data-0.jpg,10,Background
172,image_172_batch-data-0_batch-data-0.jpg,10,Background
173,image_173_batch-data-0_batch-data-0.jpg,10,Background
174,image_174_batch-data-0_batch-data-0.jpg,23,Background
175,image_175_batch-data-0_batch-data-0.jpg,10,Background
176,image_176_batch-data-0_batch-data-0.jpg,23,Background
177,image_177_batch-data-0_batch-data-0.jpg,23,Background
178,image_178_batch-data-0_batch-data-0.jpg,10,Background
179,image_179_batch-data-0_batch-data-0.jpg,10,Background
180,image_180_batch-data-0_batch-data-0.jpg,23,Background
181,image_181_batch-data-0_batch-data-0.jpg,23,Background
182,image_182_batch-data-0_batch-data-0.jpg,23,Background
183,image_183_batch-data-0_batch-data-0.jpg,10,Background
184,image_184_batch-data-0_batch-data-0.jpg,23,Background
185,image_185_batch-data-0_batch-data-0.jpg,10,Background
186,image_186_batch-data-0_batch-data-0.jpg,10,Background
187,image_187_batch-data-0_batch-data-0.jpg,10,Background
188,image_188_batch-data-0_batch-data-0.jpg,10,Background
189,image_189_batch-data-0_batch-data-0.jpg,10,Background
190,image_190_batch-data-0_batch-data-0.jpg,10,Background
191,image_191_batch-data-0_batch-data-0.jpg,23,Background
192,image_192_batch-data-0_batch-data-0.jpg,10,Background
193,image_193_batch-data-0_batch-data-0.jpg,10,Background
194,image_194_batch-data-0_batch-data-0.jpg,10,Background
195,image_195_batch-data-0_batch-data-0.jpg,10,Background
196,image_196_batch-data-0_batch-data-0.jpg,10,Background
197,image_197_batch-data-0_batch-data-0.jpg,10,Background
198,image_198_batch-data-0_batch-data-0.jpg,10,Background
199,image_199_batch-data-0_batch-data-0.jpg,23,Background
200,image_200_batch-data-0_batch-data-0.jpg,23,Background
201,image_201_batch-data-0_batch-data-0.jpg,10,Background
202,image_202_batch-data-0_batch-data-0.jpg,10,Background
203,image_203_batch-data-0_batch-data-0.jpg,10,Background
204,image_204_batch-data-0_batch-data-0.jpg,10,Ziggs
205,image_205_batch-data-0_batch-data-0.jpg,10,Background
206,image_206_batch-data-0_batch-data-0.jpg,10,Background
207,image_207_batch-data-0_batch-data-0.jpg,10,Background
208,image_208_batch-data-0_batch-data-0.jpg,10,Background
209,image_209_batch-data-0_batch-data-0.jpg,10,Background
210,image_210_batch-data-0_batch-data-0.jpg,10,Background
211,image_211_batch-data-0_batch-data-0.jpg,10,Background
212,image_212_batch-data-0_batch-data-0.jpg,10,Background
213,image_213_batch-data-0_batch-data-0.jpg,23,Background
214,image_214_batch-data-0_batch-data-0.jpg,10,Background
215,image_215_batch-data-0_batch-data-0.jpg,10,Background
216,image_216_batch-data-0_batch-data-0.jpg,10,Background
217,image_217_batch-data-0_batch-data-0.jpg,10,Background
218,image_218_batch-data-0_batch-data-0.jpg,10,Background
219,image_219_batch-data-0_batch-data-0.jpg,10,Background
220,image_220_batch-data-0_batch-data-0.jpg,10,Background
221,image_221_batch-data-0_batch-data-0.jpg,10,Background
222,image_222_batch-data-0_batch-data-0.jpg,10,Background
223,image_223_batch-data-0_batch-data-0.jpg,10,Background
224,image_224_batch-data-0_batch-data-0.jpg,10,Background
225,image_225_batch-data-0_batch-data-0.jpg,10,Background
226,image_226_batch-data-0_batch-data-0.jpg,10,Background
227,image_227_batch-data-0_batch-data-0.jpg,10,Background
228,image_228_batch-data-0_batch-data-0.jpg,10,Background
229,image_229_batch-data-0_batch-data-0.jpg,23,Background
230,image_230_batch-data-0_batch-data-0.jpg,10,Background
231,image_231_batch-data-0_batch-data-0.jpg,10,Background
232,image_232_batch-data-0_batch-data-0.jpg,10,Background
233,image_233_batch-data-0_batch-data-0.jpg,10,Background
234,image_234_batch-data-0_batch-data-0.jpg,10,Background
235,image_235_batch-data-0_batch-data-0.jpg,10,Background
236,image_236_batch-data-0_batch-data-0.jpg,10,Background
237,image_237_batch-data-0_batch-data-0.jpg,10,Background
238,image_238_batch-data-0_batch-data-0.jpg,10,Background
239,image_239_batch-data-0_batch-data-0.jpg,10,Background
240,image_240_batch-data-0_batch-data-0.jpg,10,Background
241,image_241_batch-data-0_batch-data-0.jpg,10,Background
242,image_242_batch-data-0_batch-data-0.jpg,23,Background
243,image_243_batch-data-0_batch-data-0.jpg,23,Background
244,image_244_batch-data-0_batch-data-0.jpg,10,Background
245,image_245_batch-data-0_batch-data-0.jpg,10,Background
246,image_246_batch-data-0_batch-data-0.jpg,10,Background
247,image_247_batch-data-0_batch-data-0.jpg,10,Background
248,image_248_batch-data-0_batch-data-0.jpg,10,Background
249,image_249_batch-data-0_batch-data-0.jpg,23,Background
250,image_250_batch-data-0_batch-data-0.jpg,10,Samira
251,image_251_batch-data-0_batch-data-0.jpg,10,Background
252,image_252_batch-data-0_batch-data-0.jpg,10,Background
253,image_253_batch-data-0_batch-data-0.jpg,10,Background
254,image_254_batch-data-0_batch-data-0.jpg,23,Background
255,image_255_batch-data-0_batch-data-0.jpg,10,Background
256,image_256_batch-data-0_batch-data-0.jpg,10,Background
257,image_257_batch-data-0_batch-data-0.jpg,10,Background
258,image_258_batch-data-0_batch-data-0.jpg,10,Background
259,image_259_batch-data-0_batch-data-0.jpg,10,Background
260,image_260_batch-data-0_batch-data-0.jpg,10,Background
261,image_261_batch-data-0_batch-data-0.jpg,23,Background
262,image_262_batch-data-0_batch-data-0.jpg,10,Background
263,image_263_batch-data-0_batch-data-0.jpg,10,Background
264,image_264_batch-data-0_batch-data-0.jpg,23,Background
265,image_265_batch-data-0_batch-data-0.jpg,10,Background
266,image_266_batch-data-0_batch-data-0.jpg,10,Background
267,image_267_batch-data-0_batch-data-0.jpg,10,Background
268,image_268_batch-data-0_batch-data-0.jpg,10,Background
269,image_269_batch-data-0_batch-data-0.jpg,10,Background
270,image_270_batch-data-0_batch-data-0.jpg,10,Background
271,image_271_batch-data-0_batch-data-0.jpg,10,Background
272,image_272_batch-data-0_batch-data-0.jpg,70,Background
273,image_273_batch-data-0_batch-data-0.jpg,10,Background
274,image_274_batch-data-0_batch-data-0.jpg,10,Background
275,image_275_batch-data-0_batch-data-0.jpg,10,Background
276,image_276_batch-data-0_batch-data-0.jpg,10,Background
277,image_277_batch-data-0_batch-data-0.jpg,10,Background
278,image_278_batch-data-0_batch-data-0.jpg,10,Background
279,image_279_batch-data-0_batch-data-0.jpg,10,Background
280,image_280_batch-data-0_batch-data-0.jpg,10,Lulu
281,image_281_batch-data-0_batch-data-0.jpg,10,Background
282,image_282_batch-data-0_batch-data-0.jpg,10,Background
283,image_283_batch-data-0_batch-data-0.jpg,10,Background
284,image_284_batch-data-0_batch-data-0.jpg,10,Background
285,image_285_batch-data-0_batch-data-0.jpg,23,Background
286,image_286_batch-data-0_batch-data-0.jpg,10,Background
287,image_287_batch-data-0_batch-data-0.jpg,10,Background
288,image_288_batch-data-0_batch-data-0.jpg,10,Background
289,image_289_batch-data-0_batch-data-0.jpg,10,Background
290,image_290_batch-data-0_batch-data-0.jpg,10,Background
291,image_291_batch-data-0_batch-data-0.jpg,23,Background
292,image_292_batch-data-0_batch-data-0.jpg,10,Background
293,image_293_batch-data-0_batch-data-0.jpg,10,Background
294,image_294_batch-data-0_batch-data-0.jpg,10,Background
295,image_295_batch-data-0_batch-data-0.jpg,10,Background
296,image_296_batch-data-0_batch-data-0.jpg,10,Background
297,image_297_batch-data-0_batch-data-0.jpg,23,Background
298,image_298_batch-data-0_batch-data-0.jpg,10,Background
299,image_299_batch-data-0_batch-data-0.jpg,10,Background
300,image_300_batch-data-0_batch-data-0.jpg,10,Background
301,image_301_batch-data-0_batch-data-0.jpg,10,Background
302,image_302_batch-data-0_batch-data-0.jpg,70,Background
303,image_303_batch-data-0_batch-data-0.jpg,10,Background
304,image_304_batch-data-0_batch-data-0.jpg,10,Background
305,image_305_batch-data-0_batch-data-0.jpg,10,Background
306,image_306_batch-data-0_batch-data-0.jpg,10,Background
307,image_307_batch-data-0_batch-data-0.jpg,10,Background
308,image_308_batch-data-0_batch-data-0.jpg,10,Background
309,image_309_batch-data-0_batch-data-0.jpg,10,Background
310,image_310_batch-data-0_batch-data-0.jpg,10,Background
311,image_311_batch-data-0_batch-data-0.jpg,10,Background
312,image_312_batch-data-0_batch-data-0.jpg,10,Background
313,image_313_batch-data-0_batch-data-0.jpg,10,Background
314,image_314_batch-data-0_batch-data-0.jpg,10,Background
315,image_315_batch-data-0_batch-data-0.jpg,10,Background
316,image_316_batch-data-0_batch-data-0.jpg,10,Background
317,image_317_batch-data-0_batch-data-0.jpg,10,Background
318,image_318_batch-data-0_batch-data-0.jpg,10,Background
319,image_319_batch-data-0_batch-data-0.jpg,10,Background
320,image_320_batch-data-0_batch-data-0.jpg,10,Background
321,image_321_batch-data-0_batch-data-0.jpg,23,Background
322,image_322_batch-data-0_batch-data-0.jpg,10,Background
323,image_323_batch-data-0_batch-data-0.jpg,23,Background
324,image_324_batch-data-0_batch-data-0.jpg,10,Background
325,image_325_batch-data-0_batch-data-0.jpg,10,Background
326,image_326_batch-data-0_batch-data-0.jpg,10,Background
327,image_327_batch-data-0_batch-data-0.jpg,10,Background
328,image_328_batch-data-0_batch-data-0.jpg,10,Background
329,image_329_batch-data-0_batch-data-0.jpg,70,Background
330,image_330_batch-data-0_batch-data-0.jpg,23,Background
331,image_331_batch-data-0_batch-data-0.jpg,10,Background
332,image_332_batch-data-0_batch-data-0.jpg,10,Background
333,image_333_batch-data-0_batch-data-0.jpg,10,Background
334,image_334_batch-data-0_batch-data-0.jpg,10,Background
335,image_335_batch-data-0_batch-data-0.jpg,10,Background
336,image_336_batch-data-0_batch-data-0.jpg,10,Background
337,image_337_batch-data-0_batch-data-0.jpg,10,Background
338,image_338_batch-data-0_batch-data-0.jpg,10,Background
339,image_339_batch-data-0_batch-data-0.jpg,23,Background
340,image_340_batch-data-0_batch-data-0.jpg,10,Background
341,image_341_batch-data-0_batch-data-0.jpg,10,Background
342,image_342_batch-data-0_batch-data-0.jpg,10,Background
343,image_343_batch-data-0_batch-data-0.jpg,10,Background
344,image_344_batch-data-0_batch-data-0.jpg,23,Background
345,image_345_batch-data-0_batch-data-0.jpg,10,Background
346,image_346_batch-data-0_batch-data-0.jpg,10,Background
347,image_347_batch-data-0_batch-data-0.jpg,10,Background
348,image_348_batch-data-0_batch-data-0.jpg,10,Background
349,image_349_batch-data-0_batch-data-0.jpg,10,Background
350,image_350_batch-data-0_batch-data-0.jpg,10,Background
351,image_351_batch-data-0_batch-data-0.jpg,10,Background
352,image_352_batch-data-0_batch-data-0.jpg,10,Background
353,image_353_batch-data-0_batch-data-0.jpg,10,Background
354,image_354_batch-data-0_batch-data-0.jpg,70,Talon
355,image_355_batch-data-0_batch-data-0.jpg,23,Background
356,image_356_batch-data-0_batch-data-0.jpg,23,Background
357,image_357_batch-data-0_batch-data-0.jpg,10,Background
358,image_358_batch-data-0_batch-data-0.jpg,10,Background
359,image_359_batch-data-0_batch-data-0.jpg,10,Background
360,image_360_batch-data-0_batch-data-0.jpg,10,Background
361,image_361_batch-data-0_batch-data-0.jpg,23,Background
362,image_362_batch-data-0_batch-data-0.jpg,10,Background
363,image_363_batch-data-0_batch-data-0.jpg,10,Background
364,image_364_batch-data-0_batch-data-0.jpg,10,Background
365,image_365_batch-data-0_batch-data-0.jpg,23,Background
366,image_366_batch-data-0_batch-data-0.jpg,10,Background
367,image_367_batch-data-0_batch-data-0.jpg,10,Background
368,image_368_batch-data-0_batch-data-0.jpg,10,Background
369,image_369_batch-data-0_batch-data-0.jpg,10,Background
370,image_370_batch-data-0_batch-data-0.jpg,10,Background
371,image_371_batch-data-0_batch-data-0.jpg,10,Background
372,image_372_batch-data-0_batch-data-0.jpg,10,Background
373,image_373_batch-data-0_batch-data-0.jpg,70,Background
374,image_374_batch-data-0_batch-data-0.jpg,10,Background
375,image_375_batch-data-0_batch-data-0.jpg,23,Background
376,image_376_batch-data-0_batch-data-0.jpg,23,Background
377,image_377_batch-data-0_batch-data-0.jpg,10,Background
378,image_378_batch-data-0_batch-data-0.jpg,23,Background
379,image_379_batch-data-0_batch-data-0.jpg,10,Background
380,image_380_batch-data-0_batch-data-0.jpg,10,Background
381,image_381_batch-data-0_batch-data-0.jpg,10,Background
382,image_382_batch-data-0_batch-data-0.jpg,10,Background
383,image_383_batch-data-0_batch-data-0.jpg,70,Background
384,image_384_batch-data-0_batch-data-0.jpg,10,Background
385,image_385_batch-data-0_batch-data-0.jpg,23,Background
386,image_386_batch-data-0_batch-data-0.jpg,10,Background
387,image_387_batch-data-0_batch-data-0.jpg,10,Background
388,image_388_batch-data-0_batch-data-0.jpg,10,Background
389,image_389_batch-data-0_batch-data-0.jpg,10,Background
390,image_390_batch-data-0_batch-data-0.jpg,10,Background
391,image_391_batch-data-0_batch-data-0.jpg,10,Background
392,image_392_batch-data-0_batch-data-0.jpg,10,Background
393,image_393_batch-data-0_batch-data-0.jpg,10,Background
394,image_394_batch-data-0_batch-data-0.jpg,10,Background
395,image_395_batch-data-0_batch-data-0.jpg,10,Background
396,image_396_batch-data-0_batch-data-0.jpg,10,Background
397,image_397_batch-data-0_batch-data-0.jpg,10,Background
398,image_398_batch-data-0_batch-data-0.jpg,10,Background
399,image_399_batch-data-0_batch-data-0.jpg,23,Background
400,image_400_batch-data-0_batch-data-0.jpg,10,Background
401,image_401_batch-data-0_batch-data-0.jpg,10,Background
402,image_402_batch-data-0_batch-data-0.jpg,10,Background
403,image_403_batch-data-0_batch-data-0.jpg,10,Background
404,image_404_batch-data-0_batch-data-0.jpg,10,Background
405,image_405_batch-data-0_batch-data-0.jpg,10,Background
406,image_406_batch-data-0_batch-data-0.jpg,10,Background
407,image_407_batch-data-0_batch-data-0.jpg,10,Background
408,image_408_batch-data-0_batch-data-0.jpg,10,Background
409,image_409_batch-data-0_batch-data-0.jpg,10,Background
410,image_410_batch-data-0_batch-data-0.jpg,10,Background
411,image_411_batch-data-0_batch-data-0.jpg,10,Background
412,image_412_batch-data-0_batch-data-0.jpg,10,Background
413,image_413_batch-data-0_batch-data-0.jpg,10,Background
414,image_414_batch-data-0_batch-data-0.jpg,10,Background
415,image_415_batch-data-0_batch-data-0.jpg,10,Background
416,image_416_batch-data-0_batch-data-0.jpg,10,Background
417,image_417_batch-data-0_batch-data-0.jpg,10,Background
418,image_418_batch-data-0_batch-data-0.jpg,10,Background
419,image_419_batch-data-0_batch-data-0.jpg,10,Background
420,image_420_batch-data-0_batch-data-0.jpg,10,Background
421,image_421_batch-data-0_batch-data-0.jpg,10,Background
422,image_422_batch-data-0_batch-data-0.jpg,10,Background
423,image_423_batch-data-0_batch-data-0.jpg,10,Background
424,image_424_batch-data-0_batch-data-0.jpg,10,Warwick
425,image_425_batch-data-0_batch-data-0.jpg,10,Leona
426,image_426_batch-data-0_batch-data-0.jpg,10,Background
427,image_427_batch-data-0_batch-data-0.jpg,10,Background
428,image_428_batch-data-0_batch-data-0.jpg,10,Background
429,image_429_batch-data-0_batch-data-0.jpg,23,Yone
430,image_430_batch-data-0_batch-data-0.jpg,10,Background
431,image_431_batch-data-0_batch-data-0.jpg,10,Background
432,image_432_batch-data-0_batch-data-0.jpg,10,Background
433,image_433_batch-data-0_batch-data-0.jpg,10,Camille
434,image_434_batch-data-0_batch-data-0.jpg,10,Background
435,image_435_batch-data-0_batch-data-0.jpg,10,Quinn
436,image_436_batch-data-0_batch-data-0.jpg,10,Background
437,image_437_batch-data-0_batch-data-0.jpg,10,Background
438,image_438_batch-data-0_batch-data-0.jpg,23,Background
439,image_439_batch-data-0_batch-data-0.jpg,10,Orianna
440,image_440_batch-data-0_batch-data-0.jpg,10,Background
441,image_441_batch-data-0_batch-data-0.jpg,10,Background
442,image_442_batch-data-0_batch-data-0.jpg,10,Background
443,image_443_batch-data-0_batch-data-0.jpg,10,Background
444,image_444_batch-data-0_batch-data-0.jpg,23,Background
445,image_445_batch-data-0_batch-data-0.jpg,10,Background
446,image_446_batch-data-0_batch-data-0.jpg,10,Background
447,image_447_batch-data-0_batch-data-0.jpg,23,Background
448,image_448_batch-data-0_batch-data-0.jpg,10,Background
449,image_449_batch-data-0_batch-data-0.jpg,10,Background
450,image_450_batch-data-0_batch-data-0.jpg,10,Background
451,image_451_batch-data-0_batch-data-0.jpg,10,Background
452,image_452_batch-data-0_batch-data-0.jpg,10,Background
453,image_453_batch-data-0_batch-data-0.jpg,10,Background
454,image_454_batch-data-0_batch-data-0.jpg,70,Background
455,image_455_batch-data-0_batch-data-0.jpg,10,Background
456,image_456_batch-data-0_batch-data-0.jpg,10,Background
457,image_457_batch-data-0_batch-data-0.jpg,10,Background
458,image_458_batch-data-0_batch-data-0.jpg,10,Background
459,image_459_batch-data-0_batch-data-0.jpg,23,Background
460,image_460_batch-data-0_batch-data-0.jpg,10,Background
461,image_461_batch-data-0_batch-data-0.jpg,10,Background
462,image_462_batch-data-0_batch-data-0.jpg,10,Background
463,image_463_batch-data-0_batch-data-0.jpg,10,Background
464,image_464_batch-data-0_batch-data-0.jpg,10,Background
465,image_465_batch-data-0_batch-data-0.jpg,10,Background
466,image_466_batch-data-0_batch-data-0.jpg,10,Background
467,image_467_batch-data-0_batch-data-0.jpg,10,Background
468,image_468_batch-data-0_batch-data-0.jpg,10,Background
469,image_469_batch-data-0_batch-data-0.jpg,10,Background
470,image_470_batch-data-0_batch-data-0.jpg,10,Background
471,image_471_batch-data-0_batch-data-0.jpg,10,Background
472,image_472_batch-data-0_batch-data-0.jpg,10,Background
473,image_473_batch-data-0_batch-data-0.jpg,10,Background
474,image_474_batch-data-0_batch-data-0.jpg,10,Background
475,image_475_batch-data-0_batch-data-0.jpg,10,Background
476,image_476_batch-data-0_batch-data-0.jpg,10,Background
477,image_477_batch-data-0_batch-data-0.jpg,10,Background
478,image_478_batch-data-0_batch-data-0.jpg,10,Background
479,image_479_batch-data-0_batch-data-0.jpg,10,Background
480,image_480_batch-data-0_batch-data-0.jpg,10,Background
481,image_481_batch-data-0_batch-data-0.jpg,10,Background
482,image_482_batch-data-0_batch-data-0.jpg,10,Background
483,image_483_batch-data-0_batch-data-0.jpg,23,Background
484,image_484_batch-data-0_batch-data-0.jpg,10,Background
485,image_485_batch-data-0_batch-data-0.jpg,23,Background
486,image_486_batch-data-0_batch-data-0.jpg,10,Background
487,image_487_batch-data-0_batch-data-0.jpg,10,Background
488,image_488_batch-data-0_batch-data-0.jpg,10,Background
489,image_489_batch-data-0_batch-data-0.jpg,10,Background
490,image_490_batch-data-0_batch-data-0.jpg,23,Background
491,image_491_batch-data-0_batch-data-0.jpg,10,Background
492,image_492_batch-data-0_batch-data-0.jpg,10,Background
493,image_493_batch-data-0_batch-data-0.jpg,10,Background
494,image_494_batch-data-0_batch-data-0.jpg,10,Background
495,image_495_batch-data-0_batch-data-0.jpg,10,Background
496,image_496_batch-data-0_batch-data-0.jpg,10,Background
497,image_497_batch-data-0_batch-data-0.jpg,10,Background
498,image_498_batch-data-0_batch-data-0.jpg,10,Background
499,image_499_batch-data-0_batch-data-0.jpg,10,Background
500,image_500_batch-data-0_batch-data-0.jpg,10,Background
501,image_501_batch-data-0_batch-data-0.jpg,23,Background
502,image_502_batch-data-0_batch-data-0.jpg,10,Background
503,image_503_batch-data-0_batch-data-0.jpg,10,Background
504,image_504_batch-data-0_batch-data-0.jpg,23,Background
505,image_505_batch-data-0_batch-data-0.jpg,23,Background
506,image_506_batch-data-0_batch-data-0.jpg,10,Background
507,image_507_batch-data-0_batch-data-0.jpg,10,Background
508,image_508_batch-data-0_batch-data-0.jpg,23,Background
509,image_509_batch-data-0_batch-data-0.jpg,10,Background
510,image_510_batch-data-0_batch-data-0.jpg,10,Background
511,image_511_batch-data-0_batch-data-0.jpg,10,Background
512,image_512_batch-data-0_batch-data-0.jpg,23,Background
513,image_513_batch-data-0_batch-data-0.jpg,10,Background
514,image_514_batch-data-0_batch-data-0.jpg,10,Background
515,image_515_batch-data-0_batch-data-0.jpg,10,Background
516,image_516_batch-data-0_batch-data-0.jpg,10,Background
517,image_517_batch-data-0_batch-data-0.jpg,10,Background
518,image_518_batch-data-0_batch-data-0.jpg,10,Background
519,image_519_batch-data-0_batch-data-0.jpg,10,Background
520,image_520_batch-data-0_batch-data-0.jpg,10,Background
521,image_521_batch-data-0_batch-data-0.jpg,10,Background
522,image_522_batch-data-0_batch-data-0.jpg,10,Background
523,image_523_batch-data-0_batch-data-0.jpg,10,Background
524,image_524_batch-data-0_batch-data-0.jpg,23,Background
525,image_525_batch-data-0_batch-data-0.jpg,10,Background
526,image_526_batch-data-0_batch-data-0.jpg,10,Background
527,image_527_batch-data-0_batch-data-0.jpg,10,Background
528,image_528_batch-data-0_batch-data-0.jpg,10,Background
529,image_529_batch-data-0_batch-data-0.jpg,10,Background
530,image_530_batch-data-0_batch-data-0.jpg,10,Background
531,image_531_batch-data-0_batch-data-0.jpg,10,Background
532,image_532_batch-data-0_batch-data-0.jpg,23,Background
533,image_533_batch-data-0_batch-data-0.jpg,10,Background
534,image_534_batch-data-0_batch-data-0.jpg,10,Background
535,image_535_batch-data-0_batch-data-0.jpg,10,Background
536,image_536_batch-data-0_batch-data-0.jpg,10,Jayce
537,image_537_batch-data-0_batch-data-0.jpg,10,Background
538,image_538_batch-data-0_batch-data-0.jpg,10,Background
539,image_539_batch-data-0_batch-data-0.jpg,10,Background
540,image_540_batch-data-0_batch-data-0.jpg,10,Background
541,image_541_batch-data-0_batch-data-0.jpg,70,Background
542,image_542_batch-data-0_batch-data-0.jpg,10,Background
543,image_543_batch-data-0_batch-data-0.jpg,10,Background
544,image_544_batch-data-0_batch-data-0.jpg,10,Background
545,image_545_batch-data-0_batch-data-0.jpg,10,Background
546,image_546_batch-data-0_batch-data-0.jpg,10,Background
547,image_547_batch-data-0_batch-data-0.jpg,10,Background
548,image_548_batch-data-0_batch-data-0.jpg,10,Background
549,image_549_batch-data-0_batch-data-0.jpg,10,Background
550,image_550_batch-data-0_batch-data-0.jpg,10,Background
551,image_551_batch-data-0_batch-data-0.jpg,10,Blitzcrank
552,image_552_batch-data-0_batch-data-0.jpg,70,Background
553,image_553_batch-data-0_batch-data-0.jpg,23,Background
554,image_554_batch-data-0_batch-data-0.jpg,10,Background
555,image_555_batch-data-0_batch-data-0.jpg,23,Background
556,image_556_batch-data-0_batch-data-0.jpg,10,Background
557,image_557_batch-data-0_batch-data-0.jpg,10,Background
558,image_558_batch-data-0_batch-data-0.jpg,23,Background
559,image_559_batch-data-0_batch-data-0.jpg,10,Background
560,image_560_batch-data-0_batch-data-0.jpg,10,Background
561,image_561_batch-data-0_batch-data-0.jpg,10,Background
562,image_562_batch-data-0_batch-data-0.jpg,23,Background
563,image_563_batch-data-0_batch-data-0.jpg,10,Background
564,image_564_batch-data-0_batch-data-0.jpg,10,Background
565,image_565_batch-data-0_batch-data-0.jpg,10,Background
566,image_566_batch-data-0_batch-data-0.jpg,10,Background
567,image_567_batch-data-0_batch-data-0.jpg,10,Background
568,image_568_batch-data-0_batch-data-0.jpg,10,Background
569,image_569_batch-data-0_batch-data-0.jpg,10,Background
570,image_570_batch-data-0_batch-data-0.jpg,10,Background
571,image_571_batch-data-0_batch-data-0.jpg,10,Background
572,image_572_batch-data-0_batch-data-0.jpg,10,Background
573,image_573_batch-data-0_batch-data-0.jpg,10,Background
574,image_574_batch-data-0_batch-data-0.jpg,10,Background
575,image_575_batch-data-0_batch-data-0.jpg,23,Background
576,image_576_batch-data-0_batch-data-0.jpg,10,Background
577,image_577_batch-data-0_batch-data-0.jpg,10,Background
578,image_578_batch-data-0_batch-data-0.jpg,10,Background
579,image_579_batch-data-0_batch-data-0.jpg,10,Background
580,image_580_batch-data-0_batch-data-0.jpg,10,Background
581,image_581_batch-data-0_batch-data-0.jpg,10,Background
582,image_582_batch-data-0_batch-data-0.jpg,23,Background
583,image_583_batch-data-0_batch-data-0.jpg,10,Background
584,image_584_batch-data-0_batch-data-0.jpg,10,Background
585,image_585_batch-data-0_batch-data-0.jpg,23,Background
586,image_586_batch-data-0_batch-data-0.jpg,10,Background
587,image_587_batch-data-0_batch-data-0.jpg,10,Background
588,image_588_batch-data-0_batch-data-0.jpg,23,Background
589,image_589_batch-data-0_batch-data-0.jpg,10,Background
590,image_590_batch-data-0_batch-data-0.jpg,10,Background
591,image_591_batch-data-0_batch-data-0.jpg,10,Background
592,image_592_batch-data-0_batch-data-0.jpg,10,Background
593,image_593_batch-data-0_batch-data-0.jpg,70,Background
594,image_594_batch-data-0_batch-data-0.jpg,10,Background
595,image_595_batch-data-0_batch-data-0.jpg,10,Background
596,image_596_batch-data-0_batch-data-0.jpg,10,Background
597,image_597_batch-data-0_batch-data-0.jpg,10,Background
598,image_598_batch-data-0_batch-data-0.jpg,10,Background
599,image_599_batch-data-0_batch-data-0.jpg,10,Background
600,image_600_batch-data-0_batch-data-0.jpg,10,Background
601,image_601_batch-data-0_batch-data-0.jpg,23,Background
602,image_602_batch-data-0_batch-data-0.jpg,23,Background
603,image_603_batch-data-0_batch-data-0.jpg,10,Background
604,image_604_batch-data-0_batch-data-0.jpg,10,Background
605,image_605_batch-data-0_batch-data-0.jpg,10,Background
606,image_606_batch-data-0_batch-data-0.jpg,10,Background
607,image_607_batch-data-0_batch-data-0.jpg,10,Background
608,image_608_batch-data-0_batch-data-0.jpg,23,Background
609,image_609_batch-data-0_batch-data-0.jpg,10,Background
610,image_610_batch-data-0_batch-data-0.jpg,10,Background
611,image_611_batch-data-0_batch-data-0.jpg,10,Background
612,image_612_batch-data-0_batch-data-0.jpg,10,Background
613,image_613_batch-data-0_batch-data-0.jpg,10,Background
614,image_614_batch-data-0_batch-data-0.jpg,23,Background
615,image_615_batch-data-0_batch-data-0.jpg,10,Background
616,image_616_batch-data-0_batch-data-0.jpg,10,Background
617,image_617_batch-data-0_batch-data-0.jpg,10,Background
618,image_618_batch-data-0_batch-data-0.jpg,10,Background
619,image_619_batch-data-0_batch-data-0.jpg,10,Background
620,image_620_batch-data-0_batch-data-0.jpg,10,Background
621,image_621_batch-data-0_batch-data-0.jpg,10,Background
622,image_622_batch-data-0_batch-data-0.jpg,10,Background
623,image_623_batch-data-0_batch-data-0.jpg,10,Background
624,image_624_batch-data-0_batch-data-0.jpg,10,Background
625,image_625_batch-data-0_batch-data-0.jpg,10,Background
626,image_626_batch-data-0_batch-data-0.jpg,10,Background
627,image_627_batch-data-0_batch-data-0.jpg,10,Background
628,image_628_batch-data-0_batch-data-0.jpg,10,Background
629,image_629_batch-data-0_batch-data-0.jpg,10,?
630,image_630_batch-data-0_batch-data-0.jpg,10,Background
631,image_631_batch-data-0_batch-data-0.jpg,10,Background
632,image_632_batch-data-0_batch-data-0.jpg,23,Background
633,image_633_batch-data-0_batch-data-0.jpg,10,Background
634,image_634_batch-data-0_batch-data-0.jpg,10,Background
635,image_635_batch-data-0_batch-data-0.jpg,23,Background
636,image_636_batch-data-0_batch-data-0.jpg,23,Background
637,image_637_batch-data-0_batch-data-0.jpg,10,Background
638,image_638_batch-data-0_batch-data-0.jpg,23,Background
639,image_639_batch-data-0_batch-data-0.jpg,10,Background
640,image_640_batch-data-0_batch-data-0.jpg,10,Background
641,image_641_batch-data-0_batch-data-0.jpg,10,Background
642,image_642_batch-data-0_batch-data-0.jpg,10,Background
643,image_643_batch-data-0_batch-data-0.jpg,10,Background
644,image_644_batch-data-0_batch-data-0.jpg,23,Background
645,image_645_batch-data-0_batch-data-0.jpg,10,Background
646,image_646_batch-data-0_batch-data-0.jpg,10,Background
647,image_647_batch-data-0_batch-data-0.jpg,70,Background
648,image_648_batch-data-0_batch-data-0.jpg,10,Background
649,image_649_batch-data-0_batch-data-0.jpg,23,Background
650,image_650_batch-data-0_batch-data-0.jpg,10,Background
651,image_651_batch-data-0_batch-data-0.jpg,10,Background
652,image_652_batch-data-0_batch-data-0.jpg,10,Background
653,image_653_batch-data-0_batch-data-0.jpg,10,Background
654,image_654_batch-data-0_batch-data-0.jpg,10,Background
655,image_655_batch-data-0_batch-data-0.jpg,10,Background
656,image_656_batch-data-0_batch-data-0.jpg,10,Background
657,image_657_batch-data-0_batch-data-0.jpg,10,Background
658,image_658_batch-data-0_batch-data-0.jpg,23,Background
659,image_659_batch-data-0_batch-data-0.jpg,23,Background
660,image_660_batch-data-0_batch-data-0.jpg,10,Background
661,image_661_batch-data-0_batch-data-0.jpg,10,Background
662,image_662_batch-data-0_batch-data-0.jpg,23,Background
663,image_663_batch-data-0_batch-data-0.jpg,10,Background
664,image_664_batch-data-0_batch-data-0.jpg,10,Background
665,image_665_batch-data-0_batch-data-0.jpg,10,Background
666,image_666_batch-data-0_batch-data-0.jpg,10,Background
667,image_667_batch-data-0_batch-data-0.jpg,10,Background
668,image_668_batch-data-0_batch-data-0.jpg,10,Background
669,image_669_batch-data-0_batch-data-0.jpg,10,Background
670,image_670_batch-data-0_batch-data-0.jpg,10,Background
671,image_671_batch-data-0_batch-data-0.jpg,10,Background
672,image_672_batch-data-0_batch-data-0.jpg,10,Background
673,image_673_batch-data-0_batch-data-0.jpg,10,Background
674,image_674_batch-data-0_batch-data-0.jpg,23,Background
675,image_675_batch-data-0_batch-data-0.jpg,10,Background
676,image_676_batch-data-0_batch-data-0.jpg,23,Background
677,image_677_batch-data-0_batch-data-0.jpg,10,Background
678,image_678_batch-data-0_batch-data-0.jpg,70,Blitzcrank
679,image_679_batch-data-0_batch-data-0.jpg,10,Background
680,image_680_batch-data-0_batch-data-0.jpg,10,Background
681,image_681_batch-data-0_batch-data-0.jpg,10,Background
682,image_682_batch-data-0_batch-data-0.jpg,10,Background
683,image_683_batch-data-0_batch-data-0.jpg,10,Background
684,image_684_batch-data-0_batch-data-0.jpg,10,Background
685,image_685_batch-data-0_batch-data-0.jpg,23,Heimerdinger
686,image_686_batch-data-0_batch-data-0.jpg,10,Background
687,image_687_batch-data-0_batch-data-0.jpg,10,Background
688,image_688_batch-data-0_batch-data-0.jpg,10,Background
689,image_689_batch-data-0_batch-data-0.jpg,10,Background
690,image_690_batch-data-0_batch-data-0.jpg,10,Background
691,image_691_batch-data-0_batch-data-0.jpg,10,Background
692,image_692_batch-data-0_batch-data-0.jpg,10,Background
693,image_693_batch-data-0_batch-data-0.jpg,10,Background
694,image_694_batch-data-0_batch-data-0.jpg,10,Background
695,image_695_batch-data-0_batch-data-0.jpg,10,Background
696,image_696_batch-data-0_batch-data-0.jpg,10,Background
697,image_697_batch-data-0_batch-data-0.jpg,10,Background
698,image_698_batch-data-0_batch-data-0.jpg,10,Background
699,image_699_batch-data-0_batch-data-0.jpg,10,Background
700,image_700_batch-data-0_batch-data-0.jpg,70,Background
701,image_701_batch-data-0_batch-data-0.jpg,10,Background
702,image_702_batch-data-0_batch-data-0.jpg,10,Background
703,image_703_batch-data-0_batch-data-0.jpg,10,Background
704,image_704_batch-data-0_batch-data-0.jpg,10,Background
705,image_705_batch-data-0_batch-data-0.jpg,10,Background
706,image_706_batch-data-0_batch-data-0.jpg,10,Background
707,image_707_batch-data-0_batch-data-0.jpg,10,Background
708,image_708_batch-data-0_batch-data-0.jpg,23,Background
709,image_709_batch-data-0_batch-data-0.jpg,10,Background
710,image_710_batch-data-0_batch-data-0.jpg,10,Background
711,image_711_batch-data-0_batch-data-0.jpg,10,Background
712,image_712_batch-data-0_batch-data-0.jpg,10,Background
713,image_713_batch-data-0_batch-data-0.jpg,10,Background
714,image_714_batch-data-0_batch-data-0.jpg,10,Background
715,image_715_batch-data-0_batch-data-0.jpg,10,Background
716,image_716_batch-data-0_batch-data-0.jpg,23,Background
717,image_717_batch-data-0_batch-data-0.jpg,10,Background
718,image_718_batch-data-0_batch-data-0.jpg,10,Background
719,image_719_batch-data-0_batch-data-0.jpg,10,Background
720,image_720_batch-data-0_batch-data-0.jpg,10,Background
721,image_721_batch-data-0_batch-data-0.jpg,23,Background
722,image_722_batch-data-0_batch-data-0.jpg,70,Background
723,image_723_batch-data-0_batch-data-0.jpg,10,Background
724,image_724_batch-data-0_batch-data-0.jpg,23,Background
725,image_725_batch-data-0_batch-data-0.jpg,23,Background
726,image_726_batch-data-0_batch-data-0.jpg,10,Background
727,image_727_batch-data-0_batch-data-0.jpg,10,Background
728,image_728_batch-data-0_batch-data-0.jpg,10,Background
729,image_729_batch-data-0_batch-data-0.jpg,10,Background
730,image_730_batch-data-0_batch-data-0.jpg,10,Background
731,image_731_batch-data-0_batch-data-0.jpg,10,Background
732,image_732_batch-data-0_batch-data-0.jpg,10,Background
733,image_733_batch-data-0_batch-data-0.jpg,10,Background
734,image_734_batch-data-0_batch-data-0.jpg,10,Background
735,image_735_batch-data-0_batch-data-0.jpg,10,Background
736,image_736_batch-data-0_batch-data-0.jpg,10,Background
737,image_737_batch-data-0_batch-data-0.jpg,10,Background
738,image_738_batch-data-0_batch-data-0.jpg,10,Background
739,image_739_batch-data-0_batch-data-0.jpg,10,Background
740,image_740_batch-data-0_batch-data-0.jpg,10,Background
741,image_741_batch-data-0_batch-data-0.jpg,23,Background
742,image_742_batch-data-0_batch-data-0.jpg,10,Background
743,image_743_batch-data-0_batch-data-0.jpg,10,Background
744,image_744_batch-data-0_batch-data-0.jpg,10,Background
745,image_745_batch-data-0_batch-data-0.jpg,10,Background
746,image_746_batch-data-0_batch-data-0.jpg,10,Caitlyn
747,image_747_batch-data-0_batch-data-0.jpg,23,Background
748,image_748_batch-data-0_batch-data-0.jpg,10,Irelia
749,image_749_batch-data-0_batch-data-0.jpg,10,Background
750,image_750_batch-data-0_batch-data-0.jpg,10,Background
751,image_751_batch-data-0_batch-data-0.jpg,10,Orianna
752,image_752_batch-data-0_batch-data-0.jpg,10,Background
753,image_753_batch-data-0_batch-data-0.jpg,10,Background
754,image_754_batch-data-0_batch-data-0.jpg,23,Background
755,image_755_batch-data-0_batch-data-0.jpg,10,Background
756,image_756_batch-data-0_batch-data-0.jpg,10,Background
757,image_757_batch-data-0_batch-data-0.jpg,10,Quinn
758,image_758_batch-data-0_batch-data-0.jpg,10,Background
759,image_759_batch-data-0_batch-data-0.jpg,10,Background
760,image_760_batch-data-0_batch-data-0.jpg,10,Background
761,image_761_batch-data-0_batch-data-0.jpg,10,Background
762,image_762_batch-data-0_batch-data-0.jpg,10,Background
763,image_763_batch-data-0_batch-data-0.jpg,10,Background
764,image_764_batch-data-0_batch-data-0.jpg,10,Background
765,image_765_batch-data-0_batch-data-0.jpg,10,Background
766,image_766_batch-data-0_batch-data-0.jpg,23,Background
767,image_767_batch-data-0_batch-data-0.jpg,10,Background
768,image_768_batch-data-0_batch-data-0.jpg,10,Background
769,image_769_batch-data-0_batch-data-0.jpg,10,Background
770,image_770_batch-data-0_batch-data-0.jpg,10,Background
771,image_771_batch-data-0_batch-data-0.jpg,10,Background
772,image_772_batch-data-0_batch-data-0.jpg,10,Background
773,image_773_batch-data-0_batch-data-0.jpg,10,Background
774,image_774_batch-data-0_batch-data-0.jpg,10,Background
775,image_775_batch-data-0_batch-data-0.jpg,23,Background
776,image_776_batch-data-0_batch-data-0.jpg,10,Background
777,image_777_batch-data-0_batch-data-0.jpg,10,Background
778,image_778_batch-data-0_batch-data-0.jpg,10,Background
779,image_779_batch-data-0_batch-data-0.jpg,10,Yone
780,image_780_batch-data-0_batch-data-0.jpg,10,Yone
781,image_781_batch-data-0_batch-data-0.jpg,23,Background
782,image_782_batch-data-0_batch-data-0.jpg,10,Background
783,image_783_batch-data-0_batch-data-0.jpg,10,Warwick
784,image_784_batch-data-0_batch-data-0.jpg,10,Caitlyn
785,image_785_batch-data-0_batch-data-0.jpg,10,Background
786,image_786_batch-data-0_batch-data-0.jpg,10,Background
787,image_787_batch-data-0_batch-data-0.jpg,10,Background
788,image_788_batch-data-0_batch-data-0.jpg,10,Background
789,image_789_batch-data-0_batch-data-0.jpg,10,Background
790,image_790_batch-data-0_batch-data-0.jpg,10,Background
791,image_791_batch-data-0_batch-data-0.jpg,10,Background
792,image_792_batch-data-0_batch-data-0.jpg,10,Background
793,image_793_batch-data-0_batch-data-0.jpg,10,Background
794,image_794_batch-data-0_batch-data-0.jpg,10,Background
795,image_795_batch-data-0_batch-data-0.jpg,10,Background
796,image_796_batch-data-0_batch-data-0.jpg,10,Background
797,image_797_batch-data-0_batch-data-0.jpg,23,Background
798,image_798_batch-data-0_batch-data-0.jpg,10,Background
799,image_799_batch-data-0_batch-data-0.jpg,10,Background
800,image_800_batch-data-0_batch-data-0.jpg,23,Background
801,image_801_batch-data-0_batch-data-0.jpg,10,Background
802,image_802_batch-data-0_batch-data-0.jpg,10,Background
803,image_803_batch-data-0_batch-data-0.jpg,23,Background
804,image_804_batch-data-0_batch-data-0.jpg,10,Background
805,image_805_batch-data-0_batch-data-0.jpg,10,Background
806,image_806_batch-data-0_batch-data-0.jpg,10,Background
807,image_807_batch-data-0_batch-data-0.jpg,10,Background
808,image_808_batch-data-0_batch-data-0.jpg,10,Background
809,image_809_batch-data-0_batch-data-0.jpg,23,Background
810,image_810_batch-data-0_batch-data-0.jpg,10,Background
811,image_811_batch-data-0_batch-data-0.jpg,10,Background
812,image_812_batch-data-0_batch-data-0.jpg,10,Background
813,image_813_batch-data-0_batch-data-0.jpg,10,Background
814,image_814_batch-data-0_batch-data-0.jpg,10,Background
815,image_815_batch-data-0_batch-data-0.jpg,10,Background
816,image_816_batch-data-0_batch-data-0.jpg,10,Background
817,image_817_batch-data-0_batch-data-0.jpg,10,Background
818,image_818_batch-data-0_batch-data-0.jpg,10,Background
819,image_819_batch-data-0_batch-data-0.jpg,10,Background
820,image_820_batch-data-0_batch-data-0.jpg,10,Background
821,image_821_batch-data-0_batch-data-0.jpg,10,Background
822,image_822_batch-data-0_batch-data-0.jpg,23,Background
823,image_823_batch-data-0_batch-data-0.jpg,10,Background
824,image_824_batch-data-0_batch-data-0.jpg,10,Background
825,image_825_batch-data-0_batch-data-0.jpg,10,Background
826,image_826_batch-data-0_batch-data-0.jpg,23,Lissandra
827,image_827_batch-data-0_batch-data-0.jpg,10,Background
828,image_828_batch-data-0_batch-data-0.jpg,23,Background
829,image_829_batch-data-0_batch-data-0.jpg,10,Background
830,image_830_batch-data-0_batch-data-0.jpg,23,Background
831,image_831_batch-data-0_batch-data-0.jpg,10,Background
832,image_832_batch-data-0_batch-data-0.jpg,10,Background
833,image_833_batch-data-0_batch-data-0.jpg,10,Background
834,image_834_batch-data-0_batch-data-0.jpg,10,Background
835,image_835_batch-data-0_batch-data-0.jpg,10,Background
836,image_836_batch-data-0_batch-data-0.jpg,10,Background
837,image_837_batch-data-0_batch-data-0.jpg,10,Background
838,image_838_batch-data-0_batch-data-0.jpg,10,Background
839,image_839_batch-data-0_batch-data-0.jpg,10,Background
840,image_840_batch-data-0_batch-data-0.jpg,10,Background
841,image_841_batch-data-0_batch-data-0.jpg,10,Background
842,image_842_batch-data-0_batch-data-0.jpg,10,Background
843,image_843_batch-data-0_batch-data-0.jpg,10,Background
844,image_844_batch-data-0_batch-data-0.jpg,23,Background
845,image_845_batch-data-0_batch-data-0.jpg,70,Background
846,image_846_batch-data-0_batch-data-0.jpg,23,Background
847,image_847_batch-data-0_batch-data-0.jpg,10,Background
848,image_848_batch-data-0_batch-data-0.jpg,10,Background
849,image_849_batch-data-0_batch-data-0.jpg,10,Background
850,image_850_batch-data-0_batch-data-0.jpg,10,Background
851,image_851_batch-data-0_batch-data-0.jpg,10,Background
852,image_852_batch-data-0_batch-data-0.jpg,23,Background
853,image_853_batch-data-0_batch-data-0.jpg,10,Background
854,image_854_batch-data-0_batch-data-0.jpg,10,Background
855,image_855_batch-data-0_batch-data-0.jpg,10,Background
856,image_856_batch-data-0_batch-data-0.jpg,10,Background
857,image_857_batch-data-0_batch-data-0.jpg,10,Background
858,image_858_batch-data-0_batch-data-0.jpg,23,Background
859,image_859_batch-data-0_batch-data-0.jpg,10,Background
860,image_860_batch-data-0_batch-data-0.jpg,10,Background
861,image_861_batch-data-0_batch-data-0.jpg,10,Background
862,image_862_batch-data-0_batch-data-0.jpg,10,Background
863,image_863_batch-data-0_batch-data-0.jpg,10,Background
864,image_864_batch-data-0_batch-data-0.jpg,70,Background
865,image_865_batch-data-0_batch-data-0.jpg,10,Background
866,image_866_batch-data-0_batch-data-0.jpg,10,Background
867,image_867_batch-data-0_batch-data-0.jpg,10,Background
868,image_868_batch-data-0_batch-data-0.jpg,10,Background
869,image_869_batch-data-0_batch-data-0.jpg,10,Background
870,image_870_batch-data-0_batch-data-0.jpg,10,Background
871,image_871_batch-data-0_batch-data-0.jpg,10,Background
872,image_872_batch-data-0_batch-data-0.jpg,10,Yone
873,image_873_batch-data-0_batch-data-0.jpg,10,Background
874,image_874_batch-data-0_batch-data-0.jpg,10,Leona
875,image_875_batch-data-0_batch-data-0.jpg,10,Background
876,image_876_batch-data-0_batch-data-0.jpg,10,Fiora
877,image_877_batch-data-0_batch-data-0.jpg,10,Background
878,image_878_batch-data-0_batch-data-0.jpg,10,Camille
879,image_879_batch-data-0_batch-data-0.jpg,10,Background
880,image_880_batch-data-0_batch-data-0.jpg,10,Background
881,image_881_batch-data-0_batch-data-0.jpg,10,Background
882,image_882_batch-data-0_batch-data-0.jpg,23,Background
883,image_883_batch-data-0_batch-data-0.jpg,10,Background
884,image_884_batch-data-0_batch-data-0.jpg,10,Background
885,image_885_batch-data-0_batch-data-0.jpg,10,Background
886,image_886_batch-data-0_batch-data-0.jpg,10,Background
887,image_887_batch-data-0_batch-data-0.jpg,10,Background
888,image_888_batch-data-0_batch-data-0.jpg,10,Camille
889,image_889_batch-data-0_batch-data-0.jpg,10,Background
890,image_890_batch-data-0_batch-data-0.jpg,10,Kai'Sa
891,image_891_batch-data-0_batch-data-0.jpg,10,Background
892,image_892_batch-data-0_batch-data-0.jpg,10,Background
893,image_893_batch-data-0_batch-data-0.jpg,10,Orianna
894,image_894_batch-data-0_batch-data-0.jpg,10,Background
895,image_895_batch-data-0_batch-data-0.jpg,10,Background
896,image_896_batch-data-0_batch-data-0.jpg,10,Background
897,image_897_batch-data-0_batch-data-0.jpg,10,Background
898,image_898_batch-data-0_batch-data-0.jpg,10,Background
899,image_899_batch-data-0_batch-data-0.jpg,10,Quinn
900,image_900_batch-data-0_batch-data-0.jpg,10,Background
901,image_901_batch-data-0_batch-data-0.jpg,10,Ekko
902,image_902_batch-data-0_batch-data-0.jpg,10,Zyra
903,image_903_batch-data-0_batch-data-0.jpg,10,Shaco
904,image_904_batch-data-0_batch-data-0.jpg,10,Background
905,image_905_batch-data-0_batch-data-0.jpg,10,Background
906,image_906_batch-data-0_batch-data-0.jpg,10,Darius
907,image_907_batch-data-0_batch-data-0.jpg,10,Background
908,image_908_batch-data-0_batch-data-0.jpg,10,Background
909,image_909_batch-data-0_batch-data-0.jpg,23,Background
910,image_910_batch-data-0_batch-data-0.jpg,10,Background
911,image_911_batch-data-0_batch-data-0.jpg,10,Background
912,image_912_batch-data-0_batch-data-0.jpg,10,Background
913,image_913_batch-data-0_batch-data-0.jpg,10,Twisted Fate
914,image_914_batch-data-0_batch-data-0.jpg,23,Background
915,image_915_batch-data-0_batch-data-0.jpg,23,Background
916,image_916_batch-data-0_batch-data-0.jpg,10,Background
917,image_917_batch-data-0_batch-data-0.jpg,10,Janna
918,image_918_batch-data-0_batch-data-0.jpg,10,Background
919,image_919_batch-data-0_batch-data-0.jpg,10,Background
920,image_920_batch-data-0_batch-data-0.jpg,10,Background
921,image_921_batch-data-0_batch-data-0.jpg,23,Background
922,image_922_batch-data-0_batch-data-0.jpg,10,Background
923,image_923_batch-data-0_batch-data-0.jpg,10,Vex
924,image_924_batch-data-0_batch-data-0.jpg,10,Braum
925,image_925_batch-data-0_batch-data-0.jpg,10,Background
926,image_926_batch-data-0_batch-data-0.jpg,10,Background
927,image_927_batch-data-0_batch-data-0.jpg,10,Background
928,image_928_batch-data-0_batch-data-0.jpg,10,Background
929,image_929_batch-data-0_batch-data-0.jpg,10,Background
930,image_930_batch-data-0_batch-data-0.jpg,10,Leona
931,image_931_batch-data-0_batch-data-0.jpg,10,Background
932,image_932_batch-data-0_batch-data-0.jpg,10,Camille
933,image_933_batch-data-0_batch-data-0.jpg,10,Background
934,image_934_batch-data-0_batch-data-0.jpg,10,Lissandra
935,image_935_batch-data-0_batch-data-0.jpg,10,Background
936,image_936_batch-data-0_batch-data-0.jpg,10,Background
937,image_937_batch-data-0_batch-data-0.jpg,10,Background
938,image_938_batch-data-0_batch-data-0.jpg,10,Background
939,image_939_batch-data-0_batch-data-0.jpg,10,Background
940,image_940_batch-data-0_batch-data-0.jpg,23,Background
941,image_941_batch-data-0_batch-data-0.jpg,10,Background
942,image_942_batch-data-0_batch-data-0.jpg,10,Background
943,image_943_batch-data-0_batch-data-0.jpg,23,Background
944,image_944_batch-data-0_batch-data-0.jpg,10,Samira
945,image_945_batch-data-0_batch-data-0.jpg,10,Background
946,image_946_batch-data-0_batch-data-0.jpg,10,Background
947,image_947_batch-data-0_batch-data-0.jpg,10,Kai'Sa
948,image_948_batch-data-0_batch-data-0.jpg,23,Background
949,image_949_batch-data-0_batch-data-0.jpg,10,Quinn
950,image_950_batch-data-0_batch-data-0.jpg,10,Background
951,image_951_batch-data-0_batch-data-0.jpg,10,Background
952,image_952_batch-data-0_batch-data-0.jpg,10,Background
953,image_953_batch-data-0_batch-data-0.jpg,10,Background
954,image_954_batch-data-0_batch-data-0.jpg,10,Background
955,image_955_batch-data-0_batch-data-0.jpg,10,Orianna
956,image_956_batch-data-0_batch-data-0.jpg,10,Background
957,image_957_batch-data-0_batch-data-0.jpg,10,Background
958,image_958_batch-data-0_batch-data-0.jpg,70,Background
959,image_959_batch-data-0_batch-data-0.jpg,10,Background
960,image_960_batch-data-0_batch-data-0.jpg,10,Orianna
961,image_961_batch-data-0_batch-data-0.jpg,10,Zyra
962,image_962_batch-data-0_batch-data-0.jpg,10,Background
963,image_963_batch-data-0_batch-data-0.jpg,10,Background
964,image_964_batch-data-0_batch-data-0.jpg,23,Background
965,image_965_batch-data-0_batch-data-0.jpg,10,Background
966,image_966_batch-data-0_batch-data-0.jpg,10,Twisted Fate
967,image_967_batch-data-0_batch-data-0.jpg,10,Background
968,image_968_batch-data-0_batch-data-0.jpg,23,Background
969,image_969_batch-data-0_batch-data-0.jpg,10,Background
970,image_970_batch-data-0_batch-data-0.jpg,10,Background
971,image_971_batch-data-0_batch-data-0.jpg,10,Background
972,image_972_batch-data-0_batch-data-0.jpg,10,Background
973,image_973_batch-data-0_batch-data-0.jpg,10,Background
974,image_974_batch-data-0_batch-data-0.jpg,10,Background
975,image_975_batch-data-0_batch-data-0.jpg,10,Background
976,image_976_batch-data-0_batch-data-0.jpg,23,Background
977,image_977_batch-data-0_batch-data-0.jpg,10,Background
978,image_978_batch-data-0_batch-data-0.jpg,10,Background
979,image_979_batch-data-0_batch-data-0.jpg,10,Zac
980,image_980_batch-data-0_batch-data-0.jpg,10,Taric
981,image_981_batch-data-0_batch-data-0.jpg,23,Background
982,image_982_batch-data-0_batch-data-0.jpg,10,Lissandra
983,image_983_batch-data-0_batch-data-0.jpg,23,Background
984,image_984_batch-data-0_batch-data-0.jpg,70,Yone
985,image_985_batch-data-0_batch-data-0.jpg,10,Background
986,image_986_batch-data-0_batch-data-0.jpg,10,Leona
987,image_987_batch-data-0_batch-data-0.jpg,10,Background
988,image_988_batch-data-0_batch-data-0.jpg,10,Fiora
989,image_989_batch-data-0_batch-data-0.jpg,10,Background
990,image_990_batch-data-0_batch-data-0.jpg,10,Camille
991,image_991_batch-data-0_batch-data-0.jpg,10,Background
992,image_992_batch-data-0_batch-data-0.jpg,23,Background
993,image_993_batch-data-0_batch-data-0.jpg,23,Background
994,image_994_batch-data-0_batch-data-0.jpg,10,Background
995,image_995_batch-data-0_batch-data-0.jpg,10,Background
996,image_996_batch-data-0_batch-data-0.jpg,10,Background
997,image_997_batch-data-0_batch-data-0.jpg,10,Background
998,image_998_batch-data-0_batch-data-0.jpg,10,Background
999,image_999_batch-data-0_batch-data-0.jpg,23,Background
1000,image_1000_batch-data-0_batch-data-0.jpg,23,Samira
1001,image_1001_batch-data-0_batch-data-0.jpg,10,Background
1002,image_1002_batch-data-0_batch-data-0.jpg,10,Background
1003,image_1003_batch-data-0_batch-data-0.jpg,10,Kai'Sa
1004,image_1004_batch-data-0_batch-data-0.jpg,10,Background
1005,image_1005_batch-data-0_batch-data-0.jpg,10,Background
1006,image_1006_batch-data-0_batch-data-0.jpg,10,Background
1007,image_1007_batch-data-0_batch-data-0.jpg,10,Quinn
1008,image_1008_batch-data-0_batch-data-0.jpg,10,Background
1009,image_1009_batch-data-0_batch-data-0.jpg,10,Background
1010,image_1010_batch-data-0_batch-data-0.jpg,10,Background
1011,image_1011_batch-data-0_batch-data-0.jpg,10,Orianna
1012,image_1012_batch-data-0_batch-data-0.jpg,23,Janna
1013,image_1013_batch-data-0_batch-data-0.jpg,10,Background
1014,image_1014_batch-data-0_batch-data-0.jpg,10,Background
1015,image_1015_batch-data-0_batch-data-0.jpg,10,Background
1016,image_1016_batch-data-0_batch-data-0.jpg,10,Background
1017,image_1017_batch-data-0_batch-data-0.jpg,10,Background
1018,image_1018_batch-data-0_batch-data-0.jpg,10,Darius
1019,image_1019_batch-data-0_batch-data-0.jpg,23,Background
1020,image_1020_batch-data-0_batch-data-0.jpg,70,Background
1021,image_1021_batch-data-0_batch-data-0.jpg,10,Shaco
1022,image_1022_batch-data-0_batch-data-0.jpg,10,Zyra
1023,image_1023_batch-data-0_batch-data-0.jpg,10,Akali
1024,image_1024_batch-data-0_batch-data-0.jpg,10,Background
1025,image_1025_batch-data-0_batch-data-0.jpg,10,Background
1026,image_1026_batch-data-0_batch-data-0.jpg,10,Background
1027,image_1027_batch-data-0_batch-data-0.jpg,10,Background
1028,image_1028_batch-data-0_batch-data-0.jpg,23,Background
1029,image_1029_batch-data-0_batch-data-0.jpg,10,Background
1030,image_1030_batch-data-0_batch-data-0.jpg,10,Background
1031,image_1031_batch-data-0_batch-data-0.jpg,10,Background
1032,image_1032_batch-data-0_batch-data-0.jpg,10,Twisted Fate
1033,image_1033_batch-data-0_batch-data-0.jpg,10,Background
1034,image_1034_batch-data-0_batch-data-0.jpg,10,Background
1035,image_1035_batch-data-0_batch-data-0.jpg,10,Braum
1036,image_1036_batch-data-0_batch-data-0.jpg,10,Background
1037,image_1037_batch-data-0_batch-data-0.jpg,10,Vex
1038,image_1038_batch-data-0_batch-data-0.jpg,10,Background
1039,image_1039_batch-data-0_batch-data-0.jpg,10,Background
1040,image_1040_batch-data-0_batch-data-0.jpg,10,Background
1041,image_1041_batch-data-0_batch-data-0.jpg,10,Background
1042,image_1042_batch-data-0_batch-data-0.jpg,10,Camille
1043,image_1043_batch-data-0_batch-data-0.jpg,10,Background
1044,image_1044_batch-data-0_batch-data-0.jpg,10,Poppy
1045,image_1045_batch-data-0_batch-data-0.jpg,10,Background
1046,image_1046_batch-data-0_batch-data-0.jpg,23,Background
1047,image_1047_batch-data-0_batch-data-0.jpg,23,Background
1048,image_1048_batch-data-0_batch-data-0.jpg,10,Background
1049,image_1049_batch-data-0_batch-data-0.jpg,10,Background
1050,image_1050_batch-data-0_batch-data-0.jpg,10,Background
1051,image_1051_batch-data-0_batch-data-0.jpg,23,Background
1052,image_1052_batch-data-0_batch-data-0.jpg,23,Background
1053,image_1053_batch-data-0_batch-data-0.jpg,10,Background
1054,image_1054_batch-data-0_batch-data-0.jpg,10,Background
1055,image_1055_batch-data-0_batch-data-0.jpg,10,Background
1056,image_1056_batch-data-0_batch-data-0.jpg,10,Background
1057,image_1057_batch-data-0_batch-data-0.jpg,10,Warwick
1058,image_1058_batch-data-0_batch-data-0.jpg,10,Background
1059,image_1059_batch-data-0_batch-data-0.jpg,10,Background
1060,image_1060_batch-data-0_batch-data-0.jpg,10,Background
1061,image_1061_batch-data-0_batch-data-0.jpg,23,Talon
1062,image_1062_batch-data-0_batch-data-0.jpg,10,Background
1063,image_1063_batch-data-0_batch-data-0.jpg,10,Background
1064,image_1064_batch-data-0_batch-data-0.jpg,10,Background
1065,image_1065_batch-data-0_batch-data-0.jpg,10,Background
1066,image_1066_batch-data-0_batch-data-0.jpg,10,Background
1067,image_1067_batch-data-0_batch-data-0.jpg,10,Background
1068,image_1068_batch-data-0_batch-data-0.jpg,10,Background
1069,image_1069_batch-data-0_batch-data-0.jpg,10,Gangplank
1070,image_1070_batch-data-0_batch-data-0.jpg,10,Background
1071,image_1071_batch-data-0_batch-data-0.jpg,10,Background
1072,image_1072_batch-data-0_batch-data-0.jpg,10,Background
1073,image_1073_batch-data-0_batch-data-0.jpg,10,Background
1074,image_1074_batch-data-0_batch-data-0.jpg,10,Background
1075,image_1075_batch-data-0_batch-data-0.jpg,10,Background
1076,image_1076_batch-data-0_batch-data-0.jpg,10,Background
1077,image_1077_batch-data-0_batch-data-0.jpg,10,Background
1078,image_1078_batch-data-0_batch-data-0.jpg,10,Background
1079,image_1079_batch-data-0_batch-data-0.jpg,10,Background
1080,image_1080_batch-data-0_batch-data-0.jpg,10,Background
1081,image_1081_batch-data-0_batch-data-0.jpg,10,Background
1082,image_1082_batch-data-0_batch-data-0.jpg,23,Background
1083,image_1083_batch-data-0_batch-data-0.jpg,10,Background
1084,image_1084_batch-data-0_batch-data-0.jpg,10,Background
1085,image_1085_batch-data-0_batch-data-0.jpg,23,Background
1086,image_1086_batch-data-0_batch-data-0.jpg,10,Background
1087,image_1087_batch-data-0_batch-data-0.jpg,70,Background
1088,image_1088_batch-data-0_batch-data-0.jpg,10,Background
1089,image_1089_batch-data-0_batch-data-0.jpg,10,Background
1090,image_1090_batch-data-0_batch-data-0.jpg,10,Katarina
1091,image_1091_batch-data-0_batch-data-0.jpg,10,Background
1092,image_1092_batch-data-0_batch-data-0.jpg,23,Background
1093,image_1093_batch-data-0_batch-data-0.jpg,10,Background
1094,image_1094_batch-data-0_batch-data-0.jpg,10,Background
1095,image_1095_batch-data-0_batch-data-0.jpg,10,Background
1096,image_1096_batch-data-0_batch-data-0.jpg,10,Background
1097,image_1097_batch-data-0_batch-data-0.jpg,10,Background
1098,image_1098_batch-data-0_batch-data-0.jpg,10,Background
1099,image_1099_batch-data-0_batch-data-0.jpg,10,Background
1100,image_1100_batch-data-0_batch-data-0.jpg,10,Background
1101,image_1101_batch-data-0_batch-data-0.jpg,23,Background
1102,image_1102_batch-data-0_batch-data-0.jpg,23,Background
1103,image_1103_batch-data-0_batch-data-0.jpg,10,Background
1104,image_1104_batch-data-0_batch-data-0.jpg,10,Background
1105,image_1105_batch-data-0_batch-data-0.jpg,10,Background
1106,image_1106_batch-data-0_batch-data-0.jpg,23,Background
1107,image_1107_batch-data-0_batch-data-0.jpg,10,Background
1108,image_1108_batch-data-0_batch-data-0.jpg,10,Background
1109,image_1109_batch-data-0_batch-data-0.jpg,10,Background
1110,image_1110_batch-data-0_batch-data-0.jpg,23,Background
1111,image_1111_batch-data-0_batch-data-0.jpg,23,Background
1112,image_1112_batch-data-0_batch-data-0.jpg,10,Background
1113,image_1113_batch-data-0_batch-data-0.jpg,23,Background
1114,image_1114_batch-data-0_batch-data-0.jpg,10,Background
1115,image_1115_batch-data-0_batch-data-0.jpg,10,Background
1116,image_1116_batch-data-0_batch-data-0.jpg,10,Background
1117,image_1117_batch-data-0_batch-data-0.jpg,10,Background
1118,image_1118_batch-data-0_batch-data-0.jpg,23,Quinn
1119,image_1119_batch-data-0_batch-data-0.jpg,10,Background
1120,image_1120_batch-data-0_batch-data-0.jpg,10,Background
1121,image_1121_batch-data-0_batch-data-0.jpg,10,Background
1122,image_1122_batch-data-0_batch-data-0.jpg,70,Background
1123,image_1123_batch-data-0_batch-data-0.jpg,10,Background
1124,image_1124_batch-data-0_batch-data-0.jpg,10,Background
1125,image_1125_batch-data-0_batch-data-0.jpg,10,Background
1126,image_1126_batch-data-0_batch-data-0.jpg,10,Background
1127,image_1127_batch-data-0_batch-data-0.jpg,70,Background
1128,image_1128_batch-data-0_batch-data-0.jpg,10,Background
1129,image_1129_batch-data-0_batch-data-0.jpg,10,Background
1130,image_1130_batch-data-0_batch-data-0.jpg,23,Background
1131,image_1131_batch-data-0_batch-data-0.jpg,10,Background
1132,image_1132_batch-data-0_batch-data-0.jpg,23,Background
1133,image_1133_batch-data-0_batch-data-0.jpg,10,Background
1134,image_1134_batch-data-0_batch-data-0.jpg,10,Background
1135,image_1135_batch-data-0_batch-data-0.jpg,10,Background
1136,image_1136_batch-data-0_batch-data-0.jpg,10,Background
1137,image_1137_batch-data-0_batch-data-0.jpg,10,Background
1138,image_1138_batch-data-0_batch-data-0.jpg,10,Background
1139,image_1139_batch-data-0_batch-data-0.jpg,10,Background
1140,image_1140_batch-data-0_batch-data-0.jpg,10,Yone
1141,image_1141_batch-data-0_batch-data-0.jpg,10,Background
1142,image_1142_batch-data-0_batch-data-0.jpg,10,Background
1143,image_1143_batch-data-0_batch-data-0.jpg,10,Background
1144,image_1144_batch-data-0_batch-data-0.jpg,10,Background
1145,image_1145_batch-data-0_batch-data-0.jpg,10,Background
1146,image_1146_batch-data-0_batch-data-0.jpg,10,Background
1147,image_1147_batch-data-0_batch-data-0.jpg,10,Background
1148,image_1148_batch-data-0_batch-data-0.jpg,10,Fiora
1149,image_1149_batch-data-0_batch-data-0.jpg,10,Background
1150,image_1150_batch-data-0_batch-data-0.jpg,10,Background
1151,image_1151_batch-data-0_batch-data-0.jpg,10,Background
1152,image_1152_batch-data-0_batch-data-0.jpg,10,Yone
1153,image_1153_batch-data-0_batch-data-0.jpg,10,Background
1154,image_1154_batch-data-0_batch-data-0.jpg,10,Leona
1155,image_1155_batch-data-0_batch-data-0.jpg,10,Background
1156,image_1156_batch-data-0_batch-data-0.jpg,10,Fiora
1157,image_1157_batch-data-0_batch-data-0.jpg,10,Background
1158,image_1158_batch-data-0_batch-data-0.jpg,10,Camille
1159,image_1159_batch-data-0_batch-data-0.jpg,23,Background
1160,image_1160_batch-data-0_batch-data-0.jpg,10,Background
1161,image_1161_batch-data-0_batch-data-0.jpg,10,Background
1162,image_1162_batch-data-0_batch-data-0.jpg,10,Background
1163,image_1163_batch-data-0_batch-data-0.jpg,10,Background
1164,image_1164_batch-data-0_batch-data-0.jpg,10,Background
1165,image_1165_batch-data-0_batch-data-0.jpg,10,Background
1166,image_1166_batch-data-0_batch-data-0.jpg,23,Background
1167,image_1167_batch-data-0_batch-data-0.jpg,10,Background
1168,image_1168_batch-data-0_batch-data-0.jpg,10,Samira
1169,image_1169_batch-data-0_batch-data-0.jpg,23,Background
1170,image_1170_batch-data-0_batch-data-0.jpg,10,Background
1171,image_1171_batch-data-0_batch-data-0.jpg,10,Kai'Sa
1172,image_1172_batch-data-0_batch-data-0.jpg,10,Background
1173,image_1173_batch-data-0_batch-data-0.jpg,10,Jayce
1174,image_1174_batch-data-0_batch-data-0.jpg,10,Background
1175,image_1175_batch-data-0_batch-data-0.jpg,23,Background
1176,image_1176_batch-data-0_batch-data-0.jpg,10,Quinn
1177,image_1177_batch-data-0_batch-data-0.jpg,10,Background
1178,image_1178_batch-data-0_batch-data-0.jpg,10,Background
1179,image_1179_batch-data-0_batch-data-0.jpg,10,Background
1180,image_1180_batch-data-0_batch-data-0.jpg,10,Background
1181,image_1181_batch-data-0_batch-data-0.jpg,10,Background
1182,image_1182_batch-data-0_batch-data-0.jpg,10,Background
1183,image_1183_batch-data-0_batch-data-0.jpg,10,Background
1184,image_1184_batch-data-0_batch-data-0.jpg,23,Viktor
1185,image_1185_batch-data-0_batch-data-0.jpg,10,Zyra
1186,image_1186_batch-data-0_batch-data-0.jpg,23,Orianna
1187,image_1187_batch-data-0_batch-data-0.jpg,10,Background
1188,image_1188_batch-data-0_batch-data-0.jpg,10,Janna
1189,image_1189_batch-data-0_batch-data-0.jpg,10,Background
1190,image_1190_batch-data-0_batch-data-0.jpg,10,Yuumi
1191,image_1191_batch-data-0_batch-data-0.jpg,10,Background
1192,image_1192_batch-data-0_batch-data-0.jpg,10,Background
1193,image_1193_batch-data-0_batch-data-0.jpg,10,Background
1194,image_1194_batch-data-0_batch-data-0.jpg,10,Background
1195,image_1195_batch-data-0_batch-data-0.jpg,10,Background
1196,image_1196_batch-data-0_batch-data-0.jpg,10,Background
1197,image_1197_batch-data-0_batch-data-0.jpg,10,Background
1198,image_1198_batch-data-0_batch-data-0.jpg,10,Background
1199,image_1199_batch-data-0_batch-data-0.jpg,10,Background
1200,image_1200_batch-data-0_batch-data-0.jpg,10,Background
1201,image_1201_batch-data-0_batch-data-0.jpg,10,Background
1202,image_1202_batch-data-0_batch-data-0.jpg,10,Zac
1203,image_1203_batch-data-0_batch-data-0.jpg,10,Background
1204,image_1204_batch-data-0_batch-data-0.jpg,10,Taric
1205,image_1205_batch-data-0_batch-data-0.jpg,10,Background
1206,image_1206_batch-data-0_batch-data-0.jpg,10,Lissandra
1207,image_1207_batch-data-0_batch-data-0.jpg,10,Background
1208,image_1208_batch-data-0_batch-data-0.jpg,10,Yone
1209,image_1209_batch-data-0_batch-data-0.jpg,10,Background
1210,image_1210_batch-data-0_batch-data-0.jpg,10,Leona
1211,image_1211_batch-data-0_batch-data-0.jpg,23,Background
1212,image_1212_batch-data-0_batch-data-0.jpg,10,Fiora
1213,image_1213_batch-data-0_batch-data-0.jpg,10,Background
1214,image_1214_batch-data-0_batch-data-0.jpg,10,Camille
1215,image_1215_batch-data-0_batch-data-0.jpg,10,Background
1216,image_1216_batch-data-0_batch-data-0.jpg,10,Background
1217,image_1217_batch-data-0_batch-data-0.jpg,10,Background
1218,image_1218_batch-data-0_batch-data-0.jpg,10,Background
1219,image_1219_batch-data-0_batch-data-0.jpg,10,Background
1220,image_1220_batch-data-0_batch-data-0.jpg,23,Background
1221,image_1221_batch-data-0_batch-data-0.jpg,10,Background
1222,image_1222_batch-data-0_batch-data-0.jpg,23,Background
1223,image_1223_batch-data-0_batch-data-0.jpg,10,Background
1224,image_1224_batch-data-0_batch-data-0.jpg,10,Samira
1225,image_1225_batch-data-0_batch-data-0.jpg,10,Background
1226,image_1226_batch-data-0_batch-data-0.jpg,10,Background
1227,image_1227_batch-data-0_batch-data-0.jpg,23,Kai'Sa
1228,image_1228_batch-data-0_batch-data-0.jpg,10,Background
1229,image_1229_batch-data-0_batch-data-0.jpg,10,Jayce
1230,image_1230_batch-data-0_batch-data-0.jpg,23,Background
1231,image_1231_batch-data-0_batch-data-0.jpg,10,Background
1232,image_1232_batch-data-0_batch-data-0.jpg,10,Quinn
1233,image_1233_batch-data-0_batch-data-0.jpg,10,Background
1234,image_1234_batch-data-0_batch-data-0.jpg,10,Background
1235,image_1235_batch-data-0_batch-data-0.jpg,10,Orianna
1236,image_1236_batch-data-0_batch-data-0.jpg,10,Janna
1237,image_1237_batch-data-0_batch-data-0.jpg,10,Background
1238,image_1238_batch-data-0_batch-data-0.jpg,23,Background
1239,image_1239_batch-data-0_batch-data-0.jpg,10,Background
1240,image_1240_batch-data-0_batch-data-0.jpg,10,Background
1241,image_1241_batch-data-0_batch-data-0.jpg,10,Background
1242,image_1242_batch-data-0_batch-data-0.jpg,10,Twisted Fate
1243,image_1243_batch-data-0_batch-data-0.jpg,23,Background
1244,image_1244_batch-data-0_batch-data-0.jpg,10,Background
1245,image_1245_batch-data-0_batch-data-0.jpg,10,Shaco
1246,image_1246_batch-data-0_batch-data-0.jpg,10,Zyra
1247,image_1247_batch-data-0_batch-data-0.jpg,70,Akali
1248,image_1248_batch-data-0_batch-data-0.jpg,23,Background
1249,image_1249_batch-data-0_batch-data-0.jpg,10,Background
1250,image_1250_batch-data-0_batch-data-0.jpg,10,Background
1251,image_1251_batch-data-0_batch-data-0.jpg,10,Background
1252,image_1252_batch-data-0_batch-data-0.jpg,10,Background
1253,image_1253_batch-data-0_batch-data-0.jpg,10,Background
1254,image_1254_batch-data-0_batch-data-0.jpg,23,Background
1255,image_1255_batch-data-0_batch-data-0.jpg,10,Background
1256,image_1256_batch-data-0_batch-data-0.jpg,10,Background
1257,image_1257_batch-data-0_batch-data-0.jpg,10,Background
1258,image_1258_batch-data-0_batch-data-0.jpg,10,Darius
1259,image_1259_batch-data-0_batch-data-0.jpg,10,Background
1260,image_1260_batch-data-0_batch-data-0.jpg,10,Braum
1261,image_1261_batch-data-0_batch-data-0.jpg,10,Background
1262,image_1262_batch-data-0_batch-data-0.jpg,10,Vex
1263,image_1263_batch-data-0_batch-data-0.jpg,10,Background
1264,image_1264_batch-data-0_batch-data-0.jpg,10,Yone
1265,image_1265_batch-data-0_batch-data-0.jpg,10,Background
1266,image_1266_batch-data-0_batch-data-0.jpg,10,Camille
1267,image_1267_batch-data-0_batch-data-0.jpg,10,Background
1268,image_1268_batch-data-0_batch-data-0.jpg,10,Leona
1269,image_1269_batch-data-0_batch-data-0.jpg,10,Background
1270,image_1270_batch-data-0_batch-data-0.jpg,10,Fiora
1271,image_1271_batch-data-0_batch-data-0.jpg,10,Background
1272,image_1272_batch-data-0_batch-data-0.jpg,10,Background
1273,image_1273_batch-data-0_batch-data-0.jpg,10,Background
1274,image_1274_batch-data-0_batch-data-0.jpg,23,Background
1275,image_1275_batch-data-0_batch-data-0.jpg,10,Background
1276,image_1276_batch-data-0_batch-data-0.jpg,23,Background
1277,image_1277_batch-data-0_batch-data-0.jpg,10,Background
1278,image_1278_batch-data-0_batch-data-0.jpg,10,Background
1279,image_1279_batch-data-0_batch-data-0.jpg,10,Background
1280,image_1280_batch-data-0_batch-data-0.jpg,10,Samira
1281,image_1281_batch-data-0_batch-data-0.jpg,23,Background
1282,image_1282_batch-data-0_batch-data-0.jpg,10,Background
1283,image_1283_batch-data-0_batch-data-0.jpg,10,Kai'Sa
1284,image_1284_batch-data-0_batch-data-0.jpg,10,Background
1285,image_1285_batch-data-0_batch-data-0.jpg,10,Jayce
1286,image_1286_batch-data-0_batch-data-0.jpg,10,Background
1287,image_1287_batch-data-0_batch-data-0.jpg,10,Background
1288,image_1288_batch-data-0_batch-data-0.jpg,10,Quinn
1289,image_1289_batch-data-0_batch-data-0.jpg,10,Background
1290,image_1290_batch-data-0_batch-data-0.jpg,10,Background
1291,image_1291_batch-data-0_batch-data-0.jpg,10,Orianna
1292,image_1292_batch-data-0_batch-data-0.jpg,10,Background
1293,image_1293_batch-data-0_batch-data-0.jpg,10,Background
1294,image_1294_batch-data-0_batch-data-0.jpg,23,Background
1295,image_1295_batch-data-0_batch-data-0.jpg,10,Janna
1296,image_1296_batch-data-0_batch-data-0.jpg,10,Background
1297,image_1297_batch-data-0_batch-data-0.jpg,10,Background
1298,image_1298_batch-data-0_batch-data-0.jpg,10,Twisted Fate
1299,image_1299_batch-data-0_batch-data-0.jpg,10,Akali
1300,image_1300_batch-data-0_batch-data-0.jpg,10,Zyra
1301,image_1301_batch-data-0_batch-data-0.jpg,10,Shaco
1302,image_1302_batch-data-0_batch-data-0.jpg,10,Background
1303,image_1303_batch-data-0_batch-data-0.jpg,10,Background
1304,image_1304_batch-data-0_batch-data-0.jpg,10,Background
1305,image_1305_batch-data-0_batch-data-0.jpg,10,Background
1306,image_1306_batch-data-0_batch-data-0.jpg,10,Background
1307,image_1307_batch-data-0_batch-data-0.jpg,10,Background
1308,image_1308_batch-data-0_batch-data-0.jpg,10,Background
1309,image_1309_batch-data-0_batch-data-0.jpg,10,Background
1310,image_1310_batch-data-0_batch-data-0.jpg,10,Background
1311,image_1311_batch-data-0_batch-data-0.jpg,23,Background
1312,image_1312_batch-data-0_batch-data-0.jpg,10,Background
1313,image_1313_batch-data-0_batch-data-0.jpg,10,Background
1314,image_1314_batch-data-0_batch-data-0.jpg,10,Darius
1315,image_1315_batch-data-0_batch-data-0.jpg,10,Background
1316,image_1316_batch-data-0_batch-data-0.jpg,23,Braum
1317,image_1317_batch-data-0_batch-data-0.jpg,10,Background
1318,image_1318_batch-data-0_batch-data-0.jpg,10,Vex
1319,image_1319_batch-data-0_batch-data-0.jpg,10,Background
1320,image_1320_batch-data-0_batch-data-0.jpg,10,Background
1321,image_1321_batch-data-0_batch-data-0.jpg,10,Background
1322,image_1322_batch-data-0_batch-data-0.jpg,10,Warwick
1323,image_1323_batch-data-0_batch-data-0.jpg,10,Background
1324,image_1324_batch-data-0_batch-data-0.jpg,10,Camille
1325,image_1325_batch-data-0_batch-data-0.jpg,10,Background
1326,image_1326_batch-data-0_batch-data-0.jpg,10,Background
1327,image_1327_batch-data-0_batch-data-0.jpg,10,Background
1328,image_1328_batch-data-0_batch-data-0.jpg,23,Background
1329,image_1329_batch-data-0_batch-data-0.jpg,10,Background
1330,image_1330_batch-data-0_batch-data-0.jpg,10,Background
1331,image_1331_batch-data-0_batch-data-0.jpg,10,Background
1332,image_1332_batch-data-0_batch-data-0.jpg,23,Background
1333,image_1333_batch-data-0_batch-data-0.jpg,10,Background
1334,image_1334_batch-data-0_batch-data-0.jpg,10,Background
1335,image_1335_batch-data-0_batch-data-0.jpg,10,Background
1336,image_1336_batch-data-0_batch-data-0.jpg,10,Background
1337,image_1337_batch-data-0_batch-data-0.jpg,10,Background
1338,image_1338_batch-data-0_batch-data-0.jpg,10,Background
1339,image_1339_batch-data-0_batch-data-0.jpg,10,Background
1340,image_1340_batch-data-0_batch-data-0.jpg,10,Background
1341,image_1341_batch-data-0_batch-data-0.jpg,10,Talon
1342,image_1342_batch-data-0_batch-data-0.jpg,10,Background
1343,image_1343_batch-data-0_batch-data-0.jpg,10,Background
1344,image_1344_batch-data-0_batch-data-0.jpg,10,Background
1345,image_1345_batch-data-0_batch-data-0.jpg,10,Background
1346,image_1346_batch-data-0_batch-data-0.jpg,10,Background
1347,image_1347_batch-data-0_batch-data-0.jpg,10,Caitlyn
1348,image_1348_batch-data-0_batch-data-0.jpg,10,Background
1349,image_1349_batch-data-0_batch-data-0.jpg,10,Background
1350,image_1350_batch-data-0_batch-data-0.jpg,10,Background
1351,image_1351_batch-data-0_batch-data-0.jpg,10,Background
1352,image_1352_batch-data-0_batch-data-0.jpg,10,Background
1353,image_1353_batch-data-0_batch-data-0.jpg,10,Background
1354,image_1354_batch-data-0_batch-data-0.jpg,10,Ziggs
1355,image_1355_batch-data-0_batch-data-0.jpg,10,Background
1356,image_1356_batch-data-0_batch-data-0.jpg,10,Background
1357,image_1357_batch-data-0_batch-data-0.jpg,10,Background
1358,image_1358_batch-data-0_batch-data-0.jpg,10,Background
1359,image_1359_batch-data-0_batch-data-0.jpg,10,Background
1360,image_1360_batch-data-0_batch-data-0.jpg,10,Background
1361,image_1361_batch-data-0_batch-data-0.jpg,10,Lulu
1362,image_1362_batch-data-0_batch-data-0.jpg,10,Background
1363,image_1363_batch-data-0_batch-data-0.jpg,10,Background
1364,image_1364_batch-data-0_batch-data-0.jpg,10,Background
1365,image_1365_batch-data-0_batch-data-0.jpg,10,Background
1366,image_1366_batch-data-0_batch-data-0.jpg,10,Background
1367,image_1367_batch-data-0_batch-data-0.jpg,10,Background
1368,image_1368_batch-data-0_batch-data-0.jpg,23,Background
1369,image_1369_batch-data-0_batch-data-0.jpg,10,Background
1370,image_1370_batch-data-0_batch-data-0.jpg,10,Background
1371,image_1371_batch-data-0_batch-data-0.jpg,10,Background
1372,image_1372_batch-data-0_batch-data-0.jpg,10,Background
1373,image_1373_batch-data-0_batch-data-0.jpg,10,Vex
1374,image_1374_batch-data-0_batch-data-0.jpg,70,Darius
1375,image_1375_batch-data-0_batch-data-0.jpg,10,Background
1376,image_1376_batch-data-0_batch-data-0.jpg,10,Background
1377,image_1377_batch-data-0_batch-data-0.jpg,10,Background
1378,image_1378_batch-data-0_batch-data-0.jpg,23,Background
1379,image_1379_batch-data-0_batch-data-0.jpg,23,Background
1380,image_1380_batch-data-0_batch-data-0.jpg,10,Background
1381,image_1381_batch-data-0_batch-data-0.jpg,10,Background
1382,image_1382_batch-data-0_batch-data-0.jpg,10,Background
1383,image_1383_batch-data-0_batch-data-0.jpg,10,Background
1384,image_1384_batch-data-0_batch-data-0.jpg,10,Background
1385,image_1385_batch-data-0_batch-data-0.jpg,23,Background
1386,image_1386_batch-data-0_batch-data-0.jpg,10,Camille
1387,image_1387_batch-data-0_batch-data-0.jpg,10,Background
1388,image_1388_batch-data-0_batch-data-0.jpg,10,Background
1389,image_1389_batch-data-0_batch-data-0.jpg,10,Background
1390,image_1390_batch-data-0_batch-data-0.jpg,10,Background
1391,image_1391_batch-data-0_batch-data-0.jpg,10,Background
1392,image_1392_batch-data-0_batch-data-0.jpg,10,Background
1393,image_1393_batch-data-0_batch-data-0.jpg,10,Background
1394,image_1394_batch-data-0_batch-data-0.jpg,10,Background
1395,image_1395_batch-data-0_batch-data-0.jpg,10,Background
1396,image_1396_batch-data-0_batch-data-0.jpg,10,Background
1397,image_1397_batch-data-0_batch-data-0.jpg,10,Background
1398,image_1398_batch-data-0_batch-data-0.jpg,10,Background
1399,image_1399_batch-data-0_batch-data-0.jpg,10,Background
1400,image_1400_batch-data-0_batch-data-0.jpg,10,Background
1401,image_1401_batch-data-0_batch-data-0.jpg,10,Background
1402,image_1402_batch-data-0_batch-data-0.jpg,23,Background
1403,image_1403_batch-data-0_batch-data-0.jpg,70,Background
1404,image_1404_batch-data-0_batch-data-0.jpg,10,Background
1405,image_1405_batch-data-0_batch-data-0.jpg,23,Background
1406,image_1406_batch-data-0_batch-data-0.jpg,10,Background
1407,image_1407_batch-data-0_batch-data-0.jpg,10,Background
1408,image_1408_batch-data-0_batch-data-0.jpg,10,Background
1409,image_1409_batch-data-0_batch-data-0.jpg,23,Background
1410,image_1410_batch-data-0_batch-data-0.jpg,10,Background
1411,image_1411_batch-data-0_batch-data-0.jpg,10,Background
1412,image_1412_batch-data-0_batch-data-0.jpg,10,Background
1413,image_1413_batch-data-0_batch-data-0.jpg,23,Background
1414,image_1414_batch-data-0_batch-data-0.jpg,10,Background
1415,image_1415_batch-data-0_batch-data-0.jpg,10,Background
1416,image_1416_batch-data-0_batch-data-0.jpg,10,Background
1417,image_1417_batch-data-0_batch-data-0.jpg,10,Background
1418,image_1418_batch-data-0_batch-data-0.jpg,10,Background
1419,image_1419_batch-data-0_batch-data-0.jpg,10,Background
1420,image_1420_batch-data-0_batch-data-0.jpg,10,Background
1421,image_1421_batch-data-0_batch-data-0.jpg,10,Background
1422,image_1422_batch-data-0_batch-data-0.jpg,10,Background
1423,image_1423_batch-data-0_batch-data-0.jpg,10,Background
1424,image_1424_batch-data-0_batch-data-0.jpg,10,Background
1425,image_1425_batch-data-0_batch-data-0.jpg,10,Background
1426,image_1426_batch-data-0_batch-data-0.jpg,10,Background
1427,image_1427_batch-data-0_batch-data-0.jpg,10,Background
1428,image_1428_batch-data-0_batch-data-0.jpg,10,Background
1429,image_1429_batch-data-0_batch-data-0.jpg,10,Background
1430,image_1430_batch-data-0_batch-data-0.jpg,10,Background
1431,image_1431_batch-data-0_batch-data-0.jpg,10,Background
1432,image_1432_batch-data-0_batch-data-0.jpg,10,Background
1433,image_1433_batch-data-0_batch-data-0.jpg,10,Warwick
1434,image_1434_batch-data-0_batch-data-0.jpg,10,Taric
1435,image_1435_batch-data-0_batch-data-0.jpg,10,Background
1436,image_1436_batch-data-0_batch-data-0.jpg,10,Background
1437,image_1437_batch-data-0_batch-data-0.jpg,10,Background
1438,image_1438_batch-data-0_batch-data-0.jpg,10,Background
1439,image_1439_batch-data-0_batch-data-0.jpg,10,Background
1440,image_1440_batch-data-0_batch-data-0.jpg,10,Background
1441,image_1441_batch-data-0_batch-data-0.jpg,10,Background
1442,image_1442_batch-data-0_batch-data-0.jpg,10,Background
1443,image_1443_batch-data-0_batch-data-0.jpg,10,Background
1444,image_1444_batch-data-0_batch-data-0.jpg,10,Background
1445,image_1445_batch-data-0_batch-data-0.jpg,10,Background
1446,image_1446_batch-data-0_batch-data-0.jpg,10,Background
1447,image_1447_batch-data-0_batch-data-0.jpg,10,Background
1448,image_1448_batch-data-0_batch-data-0.jpg,10,Background
1449,image_1449_batch-data-0_batch-data-0.jpg,23,Background
1450,image_1450_batch-data-0_batch-data-0.jpg,23,Background
1451,image_1451_batch-data-0_batch-data-0.jpg,10,Background
1452,image_1452_batch-data-0_batch-data-0.jpg,10,Background
1453,image_1453_batch-data-0_batch-data-0.jpg,10,Talon
1454,image_1454_batch-data-0_batch-data-0.jpg,10,Background
1455,image_1455_batch-data-0_batch-data-0.jpg,10,Background
1456,image_1456_batch-data-0_batch-data-0.jpg,10,Background
1457,image_1457_batch-data-0_batch-data-0.jpg,10,Background
1458,image_1458_batch-data-0_batch-data-0.jpg,23,Background
1459,image_1459_batch-data-0_batch-data-0.jpg,10,Background
1460,image_1460_batch-data-0_batch-data-0.jpg,10,Background
1461,image_1461_batch-data-0_batch-data-0.jpg,10,Background
1462,image_1462_batch-data-0_batch-data-0.jpg,10,Background
1463,image_1463_batch-data-0_batch-data-0.jpg,10,Background
1464,image_1464_batch-data-0_batch-data-0.jpg,10,Background
1465,image_1465_batch-data-0_batch-data-0.jpg,10,Background
1466,image_1466_batch-data-0_batch-data-0.jpg,10,Background
1467,image_1467_batch-data-0_batch-data-0.jpg,10,Background
1468,image_1468_batch-data-0_batch-data-0.jpg,10,Background
1469,image_1469_batch-data-0_batch-data-0.jpg,10,Background
1470,image_1470_batch-data-0_batch-data-0.jpg,10,Background
1471,image_1471_batch-data-0_batch-data-0.jpg,10,Background
1472,image_1472_batch-data-0_batch-data-0.jpg,10,Background
1473,image_1473_batch-data-0_batch-data-0.jpg,10,Background
1474,image_1474_batch-data-0_batch-data-0.jpg,23,Background
1475,image_1475_batch-data-0_batch-data-0.jpg,10,Background
1476,image_1476_batch-data-0_batch-data-0.jpg,10,Background
1477,image_1477_batch-data-0_batch-data-0.jpg,10,Background
1478,image_1478_batch-data-0_batch-data-0.jpg,10,Background
1479,image_1479_batch-data-0_batch-data-0.jpg,23,Background
1480,image_1480_batch-data-0_batch-data-0.jpg,10,Background
1481,image_1481_batch-data-0_batch-data-0.jpg,10,Background
1482,image_1482_batch-data-0_batch-data-0.jpg,10,Background
1483,image_1483_batch-data-0_batch-data-0.jpg,10,Zac
1484,image_1484_batch-data-0_batch-data-0.jpg,10,Illaoi
1485,image_1485_batch-data-0_batch-data-0.jpg,70,Taric
1486,image_1486_batch-data-0_batch-data-0.jpg,10,Vi
1487,image_1487_batch-data-0_batch-data-0.jpg,10,Background
